Place ID,Place Name,Address,Latitude,Longitude,Closest ArcGIS Match,Closest Match Score,Keywords
ChIJRf7upxV2aYgRlM0kIaY3YJU,Circle K,"9109 US-42, PROSPECT, KY 40059, USA",38.339767,-85.62004000000002,"9109 U S HIGHWAY 42, PROSPECT, KY 40059",57,"gas station, convenience store"
ChIJSx8rOy52aYgRfyRnMcVd5SY,Marathon Gas,"10306 US-42, PROSPECT, KY 40059, USA",38.3556996,-85.6111382,"10306 U S HIGHWAY 42, LOUISVILLE, KY 40059",60,"gas station, convenience store"
ChIJsW03z2p2aYgRsAVagIGzF_g,Kroger Fuel Center,"6501 FRST CV LN, PROSPECT, KY 40059, USA",38.3387593,-85.6234691,"6501 FOREST COVE LN, FUEL, LOUISVILLE, KY 40059",65,"gas station, convenience store"
ChIJueL2mhV2aYgRrZGozCEk9ms,Shell,"9109 US-42, PROSPECT, KY 40059, USA",38.339507,-85.619827,"9109 U S HIGHWAY 42, PROSPECT, KY 40059",57,"gas station, convenience store"
ChIJfV7RdS52aYgR2Bj-_BlkWFs,Prospect Food Mart,"10306 US-42, PROSPECT, KY 40059, USA",38.3556583,-85.6110484,"10306 U S HIGHWAY 42, LOUISVILLE, KY 40059",60,"gas station, convenience store"
ChIJ8e3XmD52aYgR1s6MDN6HfdI,Evergreen Liquors,"9521 US-42, PROSPECT, KY 40059, USA",38.344036,-85.6181479,"9521 U S HIGHWAY 42, B, PROSPECT, KY 40059",55,liquor store
ChIJ6aiDen6daYgRZPxqBXKC-7o,Shell,"13142 W U.S. HWY 42, PROSPECT, KY 40059, USA",38.3655226,-85.6006213,"10306 U S HIGHWAY 42, LOUISVILLE, KY 40059",59,"gas station, convenience store"
ChIJn5UEDn6daYgRCxTH8DOeebg,Thorntons,"13302 W HWY 42, PROSPECT, KY 40059, USA",38.3641559,-85.60303929999999,"10306 U S HIGHWAY 42, LOUISVILLE, KY 40059",57,"gas station, convenience store"
ChIJP_nv2X2daYgR4pANzxSFFSI,Crossroads IGA,"13124 W HWY 42, PROSPECT, KY 40059, USA",38.365285,-85.60041609999999,"10306 U S HIGHWAY 42, LOUISVILLE, KY 40059",53,convenience store
ChIJ60Ywx3eeaYgRRMQmODcCyiA,Costco Gas Station,"5020 NORTON HEALTHCARE BLVD, LOUISVILLE, KY 40241, USA",38.3165973,-85.5741996,"542 E LAMPTON ST, BLDG, 40203",57,"gas station, convenience store"
ChIJZ0HEHXqeaYgR9oTWOwsi2as,Dairy Queen Grill & Chill,"4811 NORTON HEALTHCARE BLVD, LOUISVILLE, KY 40241, USA",38.3121175,-85.57059129999999,"4101 TAYLOR BLVD, LOUISVILLE, KY 40215",55,convenience store
ChIJkX2HWHaeaYgRuRGtFMIsNEg,Norton Pharmacy - Brownsboro,"4960 NORTON HEALTHCARE BLVD LEVEL 1, LOUISVILLE, KY 40241, USA",38.3152987,-85.57604370000001,"4170 TAYLOR BLVD, LOUISVILLE, KY 40215",52,pharmacy
ChIJ09v8xu-faYgRfyni4q7Yn1c,Costco Pharmacy,"5020 NORTON HEALTHCARE BLVD, LOUISVILLE, KY 40241, USA",38.3170505,-85.5735308,"542 E LAMPTON ST, BLDG, 40203",57,pharmacy
ChIJ60Ywx3eeaYgRwGzNUtf272c,Costco Wholesale,"5020 NORTON HEALTHCARE BLVD, LOUISVILLE, KY 40241, USA",38.316885,-85.573431,"542 E LAMPTON ST, BLDG, 40203",57,pharmacy
ChIJdbaSMh2faYgR-oNTyIsFREU,Fit Organics LTD,"9462 BROWNSBORO RD #347, LOUISVILLE, KY 40241, USA",38.3060214,-85.5744534,"9440 BROWNSBORO RD, LOUISVILLE, KY 40241",67,cbd
ChIJ-YhgddifaYgRgNywaniCIa0,Kroger Fuel Center,"10022 BALLARDSVILLE RD, LOUISVILLE, KY 40241, USA",38.3150617,-85.5597962,"10022 BALLARDSVILLE RD, SUITE FUEL, LOUISVILLE, KY 40241",69,gas station
ChIJi25-AsCeaYgRT0b_05jwpjg,Public Storage,"3520 CHAMBERLAIN LN, LOUISVILLE, KY 40241, USA",38.2946185,-85.5407381,"3707 CHAMBERLAIN LN, 102, LOUISVILLE, KY 40241",68,convenience store
ChIJWykSvj6faYgRpzKh_eFNyhI,Kroger Liquor Store,"10010 BALLARDSVILLE RD, LOUISVILLE, KY 40241, USA",38.31503,-85.55989199999999,"1101 BARDSTOWN RD, LOUISVILLE, KY 40204",68,liquor store
ChIJ931LjsCfaYgR69hSr92l-ws,Apotheco Pharmacy Louisville,"3582 SPRINGHURST BLVD, LOUISVILLE, KY 40241, USA",38.298374,-85.5615115,"2502 TERRA CROSSING BLVD, LOUISVILLE, KY 40245",56,pharmacy
ChIJPzpsGKqfaYgRiBAyxFso2i4,Kroger Pharmacy,"10010 BALLARDSVILLE RD, LOUISVILLE, KY 40241, USA",38.31503,-85.55989199999999,"1101 BARDSTOWN RD, LOUISVILLE, KY 40204",68,pharmacy
ChIJiz9nvoyeaYgRSMZXJBFzQ00,The Vitamin Shoppe,"4000 TOWNE CENTER DR, LOUISVILLE, KY 40241, USA",38.2974521,-85.55477549999999,"4131 TOWNE CENTER DR, LOUISVILLE, KY 40241",64,cbd
ChIJqyuDtdGbaYgRfHLzHN8JPH8,Kentucky Wholesale Distributors Association,"7014 HUGHES AVE, CRESTWOOD, KY 40014, USA",38.3233849,-85.4863798,"7312 SAINT ANDREWS CHURCH RD, 40214",55,tobacco
ChIJzZFCjACcaYgRuVRrDf8lHLU,A One Food Mart,"8901 W STATE HWY 22, CRESTWOOD, KY 40014, USA",38.3191629,-85.5212749,"2204 HEATHER LN, 40218",57,convenience store
ChIJV3WRE8C48ygR9M7oWJFqUSk,AffirmedRx,"10200 FOREST SPRINGS DR, LOUISVILLE, KY 40223, USA",38.2932278,-85.5087549,"10511 FISCHER PARK DR, 40241",54,pharmacy
ChIJ7Rmuga2eaYgRjG06CBb529o,Cameron Pharmaceuticals,"12305 WESTPORT RD, LOUISVILLE, KY 40245, USA",38.3052912,-85.522722,"9240 WESPORT RD, 40242",68,pharmacy
ChIJr5_5A-9saYgRTJ2apfx0u20,ChargePoint Charging Station,"460 NORTHWESTERN PKWY, LOUISVILLE, KY 40212, USA",38.270962,-85.82016,"2038 NORTHWESTERN PKY, LOUISVILLE, KY 40203",62,gas station
ChIJUc1ucABtaYgR9iFvR72xMYg,Boones gas station,"2102 LYTLE ST, LOUISVILLE, KY 40212, USA",38.2670797,-85.7829405,"2124 BANK ST, LOUISVILLE, KY 40212",63,"gas station, convenience store"
ChIJmc2x44RtaYgRVQJ4W6hTXOk,KENTUCKY CONVENIENCE STORE LLC,"631 N 25TH ST, LOUISVILLE, KY 40212, USA",38.2717319,-85.78804339999999,"438 N 28TH ST, LOUISVILLE, KY 40212",62,convenience store
ChIJ-0IJx3FzaYgRXr2xZt4sDjM,"David L. Mcleland, RPH","800 ZORN AVE, LOUISVILLE, KY 40206, USA",38.2705957,-85.6984952,"8605 SMYRNA RD, 40228",53,pharmacy
ChIJ-0IJx3FzaYgRfR2JX2UsSuU,Hill Lane M,"800 ZORN AVE, LOUISVILLE, KY 40206, USA",38.2705957,-85.6984952,"8605 SMYRNA RD, 40228",53,pharmacy
ChIJ-0IJx3FzaYgRrKtfbGlCEqA,Hill Laura J,"800 ZORN AVE, LOUISVILLE, KY 40206, USA",38.2705957,-85.6984952,"8605 SMYRNA RD, 40228",53,pharmacy
ChIJ-0IJx3FzaYgRZCr47higa7U,"Stacy L. Dobbs, Pharm","800 ZORN AVE, LOUISVILLE, KY 40206, USA",38.2705957,-85.6984952,"8605 SMYRNA RD, 40228",53,pharmacy
ChIJ-0IJx3FzaYgRl5pTe2k_Te4,Canada Charles A,"800 ZORN AVE, LOUISVILLE, KY 40206, USA",38.2705957,-85.6984952,"8605 SMYRNA RD, 40228",53,pharmacy
ChIJ-0IJx3FzaYgRHAaQayz6KJg,Finnell Lisa H,"800 ZORN AVE, LOUISVILLE, KY 40206, USA",38.2705957,-85.6984952,"8605 SMYRNA RD, 40228",53,pharmacy
ChIJ-0IJx3FzaYgRkV3jgC4v4xY,Wyant Michael B,"800 ZORN AVE, LOUISVILLE, KY 40206, USA",38.2705957,-85.6984952,"8605 SMYRNA RD, 40228",53,pharmacy
ChIJ-0IJx3FzaYgRVGojJC7VLuQ,Mc Daniel Gail,"800 ZORN AVE, LOUISVILLE, KY 40206, USA",38.2705957,-85.6984952,"8605 SMYRNA RD, 40228",53,pharmacy
ChIJ-0IJx3FzaYgRK4IZ5w-ChBg,Esterle Richard L,"800 ZORN AVE, LOUISVILLE, KY 40206, USA",38.2705957,-85.6984952,"8605 SMYRNA RD, 40228",53,pharmacy
ChIJ-0IJx3FzaYgRyAPbMNxij2A,Rueff Denise N,"800 ZORN AVE, LOUISVILLE, KY 40206, USA",38.2707385,-85.6984234,"8605 SMYRNA RD, 40228",53,pharmacy
ChIJ-0IJx3FzaYgRJ_NTTWtbWF8,Gordon Angela M,"800 ZORN AVE, LOUISVILLE, KY 40206, USA",38.2705957,-85.6984952,"8605 SMYRNA RD, 40228",53,pharmacy
ChIJ-0IJx3FzaYgRsYyLFnunvWg,Matuschka Paul R,"800 ZORN AVE #119, LOUISVILLE, KY 40206, USA",38.2705957,-85.6984952,"1035 ZORN AVE, LOUISVILLE, KY 40207",55,pharmacy
ChIJ-0IJx3FzaYgRJDEA56EeUOU,Gentleman William B,"800 ZORN AVE, LOUISVILLE, KY 40206, USA",38.2705957,-85.6984952,"8605 SMYRNA RD, 40228",53,pharmacy
ChIJ-0IJx3FzaYgRymtgY7QgDYc,Dukes Larry G,"800 ZORN AVE, LOUISVILLE, KY 40206, USA",38.2705957,-85.6984952,"8605 SMYRNA RD, 40228",53,pharmacy
ChIJ-0IJx3FzaYgRQeoiHgMOH0M,Hacker Oscar B,"800 ZORN AVE, LOUISVILLE, KY 40206, USA",38.2705957,-85.6984952,"8605 SMYRNA RD, 40228",53,pharmacy
ChIJ-0IJx3FzaYgRcxEG_vQjdUY,Kersey Dale L,"800 ZORN AVE, LOUISVILLE, KY 40206, USA",38.2705957,-85.6984952,"8605 SMYRNA RD, 40228",53,pharmacy
ChIJ-0IJx3FzaYgRj7-A9ZEDdT4,Weitendorf Frederick,"800 ZORN AVE, LOUISVILLE, KY 40206, USA",38.2705957,-85.6984952,"8605 SMYRNA RD, 40228",53,pharmacy
ChIJ-0IJx3FzaYgR_ddx3nXdNyg,Sandusky Charles,"800 ZORN AVE, LOUISVILLE, KY 40206, USA",38.2705957,-85.6984952,"8605 SMYRNA RD, 40228",53,pharmacy
ChIJAQDAVb9yaYgRdj2po6B4k-M,MainPointe Pharmaceuticals,"2604 RIVER GREEN CIR, LOUISVILLE, KY 40206, USA",38.2747789,-85.70712240000002,"2704 CRITTENDEN DR, LOUISVILLE, KY 40209",59,pharmacy
ChIJcVDhM6Z1aYgReMlEYiBM91g,Luckett Tobaccos Inc,"2000 WARRINGTON WAY # 163, LOUISVILLE, KY 40222, USA",38.2808778,-85.6325561,"209 E MAIN ST, SUITE 200, 40202",52,tobacco
ChIJn2Zq6qV1aYgR-IiL3PllXro,Kroger Fuel Center,"4946 US-42, LOUISVILLE, KY 40222, USA",38.2839745,-85.6320132,"4946 U S HIGHWAY 42, NORTHFIELD, KY 40222",55,"gas station, convenience store"
ChIJV2YLj6N1aYgRT1CcwONiLyw,CVS,"2311 LIME KILN CT, LOUISVILLE, KY 40222, USA",38.2846357,-85.62768539999999,"2121 CRUMS LN, SHIVELY, KY 40216",60,"convenience store, pharmacy"
ChIJhdqUZXB1aYgRSYPj6zeHvAA,Westport Village,"1315 HERR LN, LOUISVILLE, KY 40222, USA",38.2686957,-85.6134088,"1115 HERR LN, 140, ST MATTHEWS, KY 40222",62,convenience store
ChIJn3iKzr51aYgR7AfJ2jrZNFQ,Milk & Honey,"1301 HERR LN #152, LOUISVILLE, KY 40222, USA",38.2687158,-85.6134094,"1115 HERR LN, 140, ST MATTHEWS, KY 40222",61,convenience store
ChIJs2ps8KV1aYgR2v30vPbQEyQ,AT&T Store,"4936 US-42, LOUISVILLE, KY 40222, USA",38.282913,-85.6326577,"4946 U S HIGHWAY 42, NORTHFIELD, KY 40222",51,convenience store
ChIJHdVida11aYgRBMuHU6ubTmg,Kroger Liquor Store,"2227 HOLIDAY MANOR CENTER, LOUISVILLE, KY 40222, USA",38.283706,-85.63042399999999,"2219 HOLIDAY MANOR CTR, NORTHFIELD, KY 40222",71,liquor store
ChIJ_yRGdKR1aYgRDiGGXrhDMi8,Anne Steele Linden Office,"2325 LIME KILN LN, LOUISVILLE, KY 40222, USA",38.2856022,-85.6271495,"2420 LIME KILN LN, NORTHFIELD, KY 40222",70,pharmacy
ChIJK7LbOrqfaYgRRoohjPf1jWw,WEX Fuel Management,"9500 ORMSBY STATION RD #402, LOUISVILLE, KY 40223, USA",38.2631845,-85.575952,"9814 LINN STATION RD, JEFFERSONTOWN, KY 40223",59,gas station
ChIJfUfMQuyhaYgRuKLyfP-Ud6U,PharMerica Corporation,"805 N WHITTINGTON PKWY, LOUISVILLE, KY 40222, USA",38.2574464,-85.5833952,"7519 MT WASHINGTON RD, UNIT, 40229",57,pharmacy
ChIJBRSXm6-faYgRCJkZKrZjZak,Omnicare,"9960 CORPORATE CAMPUS DR, LOUISVILLE, KY 40223, USA",38.2651921,-85.5694082,"5930 COOPER CHAPEL RD, LOUISVILLE, KY 40229",54,pharmacy
ChIJP9pQXsCfaYgRH4fwlsAGeXA,Pharmacy Alternatives,"805 N WHITTINGTON PKWY, LOUISVILLE, KY 40223, USA",38.2574844,-85.58344699999999,"7519 MT WASHINGTON RD, UNIT, 40229",57,pharmacy
ChIJlz258ZaZaYgRyeuYEoPcKuE,Norton Specialty Pharmacy,"2700 STANLEY GAULT PKWY #103, LOUISVILLE, KY 40223, USA",38.2763811,-85.51805569999999,"2200 BUECHEL AVE, 101, LOUISVILLE, KY 40218",58,pharmacy
ChIJk_YsW-yhaYgR6VydjC--tnU,Onco360 Oncology Pharmacy,"13410 EASTPOINT CENTRE DR, LOUISVILLE, KY 40223, USA",38.280094,-85.50908,"4131 TOWNE CENTER DR, LOUISVILLE, KY 40241",54,pharmacy
ChIJ1wHsrmyZaYgRgZYDZJU9YWE,ConnectMed360,"13410 EASTPOINT CENTRE DR SUITE 150, LOUISVILLE, KY 40223, USA",38.280094,-85.50908,"209 E MAIN ST, SUITE 200, 40202",60,pharmacy
ChIJq6rqzLmYaYgR3AqfiEEmLxU,Neil Medical Group,"13040 EASTGATE PARK WAY, LOUISVILLE, KY 40223, USA",38.2492351,-85.5088372,"3401 W MARKET ST, LOUISVILLE, KY 40212",52,pharmacy
ChIJ0b8_nK2YaYgR07I837txWoQ,Preferred Medical Network,"2400 BUSH RIDGE DR, LOUISVILLE, KY 40245, USA",38.272303,-85.48876659999999,"14010 SHELBYVILLE RD, 40245",56,pharmacy
ChIJK3w-ThiZaYgRv0UfSdFJ16k,My Botanical Boutique,"3120 COLLINS LN, LOUISVILLE, KY 40245, USA",38.2888753,-85.5157947,"12908 FACTORY LN, LOUISVILLE, KY 40245",60,cbd
ChIJh4wk8VyZaYgRWagd6PPxvnQ,Shalia Botanicals,"1920 STANLEY GAULT PKWY, LOUISVILLE, KY 40223, USA",38.2673044,-85.51158439999999,"1207 GILMORE LN, LYNNVIEW, KY 40213",58,cbd
ChIJrx16YseYaYgRHTm0-K7hoZA,Crossfit Bluegrass,"13005 MIDDLETOWN INDUSTRIAL BLVD, LOUISVILLE, KY 40223, USA",38.2513923,-85.5123182,"3030 TAYLOR BLVD, LOUISVILLE, KY 40208",57,cbd
ChIJLZh6E6eZaYgR-CWgn5CUeW4,The Phancy Pharmer,"3515 WOODMONT PARK LN, LOUISVILLE, KY 40245, USA",38.2859017,-85.4773915,"4835 POPLAR LEVEL RD, 109, WATTERSON PARK, KY 40213",51,pharmacy
ChIJOe6CaCdtaYgRawNxPHgL5oM,Vermont Liquors,"509 S 34TH ST, LOUISVILLE, KY 40211, USA",38.2561811,-85.8071293,"520 N 35TH ST, LOUISVILLE, KY 40212",62,liquor store
ChIJzRVKBzFtaYgRj-Cql7yu6rA,Tony's Convenient Mart,"2532 W BROADWAY, LOUISVILLE, KY 40211, USA",38.2491711,-85.7947647,"2324 W BROADWAY, LOUISVILLE, KY 40211",71,"gas station, convenience store"
ChIJwfVYdc0SaYgRuLKQz5cAyoI,The Little Store,"1144 S 26TH ST, LOUISVILLE, KY 40210, USA",38.2388962,-85.7962051,"118 S 26TH ST, LOUISVILLE, KY 40212",64,convenience store
ChIJezs62jxtaYgR0UAja6qwXak,Market Liquor,"11AM- 2A, SUN 1PM-1AM, 2800 W MARKET ST, LOUISVILLE, KY 40212, USA",38.259568,-85.79666,"2800 W MARKET ST, LOUISVILLE, KY 40212",56,liquor store
ChIJnfCasjdtaYgRRJm1h2JUoMg,Specialized Pharmaceutical Inc,"2225 W BROADWAY, LOUISVILLE, KY 40211, USA",38.2495256,-85.7893732,"2324 W BROADWAY, LOUISVILLE, KY 40211",68,pharmacy
ChIJq_Q5GilzaYgRjf2upYfeCtE,University of Louisville Outpatient Pharmacy,"550 S JACKSON ST, LOUISVILLE, KY 40202, USA",38.2483019,-85.74566519999999,"566 S 5TH ST, LOUISVILLE, KY 40202",59,pharmacy
ChIJV48fJbpyaYgRhDXcDUvkK_U,E Fill RX Pharmacy #1,"100 E LIBERTY ST, LOUISVILLE, KY 40202, USA",38.2522493,-85.7518429,"200 E MARKET ST, LOUISVILLE, KY 40202",67,pharmacy
ChIJNTTWUQBzaYgRipk60w7rrt0,U of L Health Pharmacy,"200 ABRAHAM FLEXNER WAY, LOUISVILLE, KY 40202, USA",38.2492273,-85.7511432,"100 W BROADWAY, LOUISVILLE, KY 40202",57,pharmacy
ChIJBbbsMQBzaYgRk5y1_nqdnp0,CVS,"400 E BROADWAY, LOUISVILLE, KY 40202, USA",38.245011,-85.7474197,"100 W BROADWAY, LOUISVILLE, KY 40202",70,pharmacy
ChIJD-g-XEFzaYgRurLHZdXcYEw,Genoa Healthcare,"708 W MAGAZINE ST #101, LOUISVILLE, KY 40203, USA",38.2479059,-85.76405199999999,"1901 W MAIN ST, LOUISVILLE, KY 40203",66,pharmacy
ChIJLVv8w7ZyaYgRayLQdsYu6o0,Medical Towers Pharmacy,"MEDICAL TOWERS SOUTH, 234 E GRAY ST, LOUISVILLE, KY 40202, USA",38.2465871,-85.7498959,"314 WALLACE AVE, ST MATTHEWS, KY 40207",58,pharmacy
ChIJB-4fc7lyaYgRjZaipTkyFpc,Pharmaron,"201 E JEFFERSON ST # 304, LOUISVILLE, KY 40202, USA",38.2532432,-85.7502537,"2360 STONY BROOK DR, JEFFERSONTOWN, KY 40220",63,pharmacy
ChIJO9RezeJzaYgRy--j3kqjdrY,Norton Children's Infusion Pharmacy - Novak Center,"411 E CHESTNUT ST SUITE 497, LOUISVILLE, KY 40202, USA",38.2485807,-85.7464055,"2600 W CHESTNUT ST, LOUISVILLE, KY 40211",59,pharmacy
ChIJTSvDY39zaYgRAhlcJrsgoWA,Smoke N Snacks Mini Mart,"1029 US-150, LOUISVILLE, KY 40204, USA",38.2397371,-85.72316889999999,"1029 S 26TH ST, LOUISVILLE, KY 40210",51,"tobacco, convenience store"
ChIJsdyqlSVzaYgRKpikSBPM9Qk,ATM,"1605 STORY AVE, LOUISVILLE, KY 40206, USA",38.2591896,-85.7213373,"1035 ZORN AVE, LOUISVILLE, KY 40207",60,convenience store
ChIJC3EvUGdzaYgRCg0U0_xKrnI,Lode,"1001 E WASHINGTON ST, LOUISVILLE, KY 40206, USA",38.2551084,-85.7334324,"7519 MT WASHINGTON RD, UNIT, 40229",59,liquor store
ChIJ6zvgNNpyaYgR90ncru6gTpE,Village Pharmacy,"1100 E MARKET ST, LOUISVILLE, KY 40206, USA",38.252269,-85.731886,"200 E MARKET ST, LOUISVILLE, KY 40202",67,pharmacy
ChIJv8E7DYVzaYgRqNr_59ifIR0,Avita Pharmacy 1081,"1101 E WASHINGTON ST SUITE A, LOUISVILLE, KY 40206, USA",38.2565074,-85.73069509999999,"7519 MT WASHINGTON RD, UNIT, 40229",64,pharmacy
ChIJ24XKz-pzaYgR4DsF-8k8tmU,Genoa Healthcare,"914 E BROADWAY SUITE 100-P, LOUISVILLE, KY 40204, USA",38.2433767,-85.73627909999999,"200 E BROADWAY, LOUISVILLE, KY 40202",70,pharmacy
ChIJvTm85AtzaYgRs-dyBFYSmuQ,King Vape Smoke Shop,"1707 MELLWOOD AVE, LOUISVILLE, KY 40206, USA",38.2580587,-85.7193556,"1500 MELLWOOD AVE, LOUISVILLE, KY 40206",70,vape
ChIJyQYaMdByaYgRKgNFl9NhS8c,STEEL & LEAF LLC,"943 E MADISON ST, LOUISVILLE, KY 40204, USA",38.2476931,-85.7350459,"542 E LAMPTON ST, BLDG, 40203",61,"vape, cbd"
ChIJt-TzrFxzaYgR8a36I3CEjas,The Wine Rack,"2632 FRANKFORT AVE, LOUISVILLE, KY 40206, USA",38.25427,-85.69470799999999,"2347 FRANKFORT AVE, LOUISVILLE, KY 40206",71,liquor store
ChIJA11VQh5zaYgRjWA_-gTaU7c,Three Sisters,"2509 GRINSTEAD DR, LOUISVILLE, KY 40206, USA",38.2445946,-85.7034807,"209 E MAIN ST, SUITE 200, 40202",58,cbd
ChIJg1zsVAB1aYgRnq1F-Bs6xBk,Chief Car,"139 N SHERRIN AVE, ST MATTHEWS, KY 40207, USA",38.2551944,-85.64975,"1035 ZORN AVE, LOUISVILLE, KY 40207",64,tobacco
ChIJu5D5Fxd1aYgRXSfjgvjOYRM,Kroger Liquor Store,"291 N HUBBARDS LN SUITE B49, LOUISVILLE, KY 40207, USA",38.2580514,-85.6378512,"296 N HUBBARDS LN, ST MATTHEWS, KY 40207",70,liquor store
ChIJraouODCgaYgRVLtkyuLAVdQ,Derb Ecigs,"9824 BLUEGRASS PKWY, JEFFERSONTOWN, KY 40299, USA",38.2214869,-85.5695922,"9260 SMYRNA PKY, BLDG, 40229",59,"tobacco, vape"
ChIJhe8g0oyfaYgReQMuUYFXJRY,Chevron,"9401 WILLIAMSBURG PLAZA #201, LOUISVILLE, KY 40222, USA",38.2409132,-85.5813865,"9409 SMYRNA PARKWAY, 40229",52,gas station
ChIJTbhK-BagaYgRY-0ozfwLUuw,Dollar Tree,"1850 S HURSTBOURNE PKWY #155, LOUISVILLE, KY 40220, USA",38.22086,-85.5851491,"1850 S HURSTBOURNE PKY, 162, HURSTBOURNE ACRES, KY 40220",70,convenience store
ChIJ6-V4qaGhaYgRaXxUIuck8QU,Kroger Liquor Store,"9812 1/2, LINN STATION RD, LOUISVILLE, KY 40223, USA",38.2258984,-85.576138,"9812 LINN STATION RD, JEFFERSONTOWN, KY 40223",71,liquor store
ChIJMWaT0NKhaYgR6Btky_gZHVo,375 Park Avenue Spirits,"10101 LINN STATION RD, LOUISVILLE, KY 40223, USA",38.2251117,-85.5696222,"9814 LINN STATION RD, JEFFERSONTOWN, KY 40223",60,liquor store
ChIJVVWVm5CfaYgRz54LAvFaYZA,Pharm Leads,"9913 SHELBYVILLE RD SUITE 201-C, WILDWOOD, KY 40223, USA",38.2473488,-85.57190349999999,"12501 SHELBYVILLE RD, SUITE FUEL, MIDDLETOWN, KY 40243",70,pharmacy
ChIJFVuXcB-haYgR1AvC1r12e7U,CBD Hemp Wellness Farm,"2304 HURSTBOURNE VILLAGE DR SUITE 1000, LOUISVILLE, KY 40299, USA",38.215163700000005,-85.5792591,"3741 S HURSTBOURNE PKY, LOUISVILLE, KY 40299",65,cbd
ChIJrdpHR2ifaYgRN9fTodmDfdQ,Cox's Smokers Outlet Corporate Office,"11516 MAIN ST, MIDDLETOWN, KY 40243, USA",38.2443712,-85.54199659999999,"11517 SHELBYVILLE ROAD, 40243",60,tobacco
ChIJ7ZyhsrehaYgRRe9bIDyQ070,Marathon,"10921 PLANTSIDE DR, LOUISVILLE, KY 40299, USA",38.2095571,-85.5534187,"4129 FLINTLOCK DR, LOUISVILLE, KY 40216",56,"gas station, convenience store"
ChIJ4xinpbehaYgR6pMgayWE4Jo,Key Oil,"10965 PLANTSIDE DR, JEFFERSONTOWN, KY 40299, USA",38.2093407,-85.55274050000001,"10602 PROVIDENCE DR, LOUISVILLE, KY 40291",54,gas station
ChIJqWciqGifaYgR6VyRLAUVQ3s,Blankenbaker Plaza,"201 BLANKENBAKER PKWY, LOUISVILLE, KY 40243, USA",38.2416232,-85.54556900000001,"1804 BLANKENBAKER PKY, JEFFERSONTOWN, KY 40299",62,convenience store
ChIJJ1wtxC-gaYgRrhOjAIp9Wl4,Pharmacy Alternatives LLC,"11401 BLUEGRASS PKWY, LOUISVILLE, KY 40299, USA",38.2211571,-85.5449057,"11550 BLUEGRASS PKY, JEFFERSONTOWN, KY 40299",68,pharmacy
ChIJEWQopsmhaYgRekQL78cqOpM,Medical Care Pharmacy LLC,"11420 WATTERSON CT STE 600, LOUISVILLE, KY 40299, USA",38.213911,-85.55368930000002,"8300 WATTERSON TRL, LOUISVILLE, KY 40299",63,pharmacy
ChIJZftGmeWhaYgRQQxogvE7chs,Sam's Club Pharmacy,"1401 ALLIANT AVE, JEFFERSONTOWN, KY 40299, USA",38.2226908,-85.53324570000001,"1401 LEXINGTON RD, LOUISVILLE, KY 40206",54,pharmacy
ChIJye0vtZKhaYgRSsesMaT4T30,"PharMerica – Louisville, KY","12100 PLANTSIDE DR, JEFFERSONTOWN, KY 40299, USA",38.2106459,-85.53148600000002,"209 E MAIN ST, SUITE 200, 40202",57,pharmacy
ChIJvScUKrihaYgRmtb-RA4mQQU,Nutrishare,"11020 PLANTSIDE DR, LOUISVILLE, KY 40299, USA",38.2093816,-85.55107339999999,"209 E MAIN ST, SUITE 200, 40202",57,pharmacy
ChIJM56IcwmfaYgR4xTwY9Wt0rg,DZ Delta 8,"201 MOSER RD STE B, LOUISVILLE, KY 40223, USA",38.2443559,-85.558987,"201 MOSER RD, DOUGLASS HILLS, KY 40223",63,cbd
ChIJPXbCoBihaYgRykQ9ZiUPqZY,Medosi,"10368 BLUEGRASS PKWY, LOUISVILLE, KY 40299, USA",38.2222186,-85.5629123,"11550 BLUEGRASS PKY, JEFFERSONTOWN, KY 40299",65,cbd
ChIJH0IGCuChaYgRKwiwvidpymw,CBD Bulk Sales | CBD Bulk Sales,"802 LILY CREEK RD, LOUISVILLE, KY 40243, USA",38.230364,-85.53937409999999,"9905 LA GRANGE RD, LYNDON, KY 40223",61,cbd
ChIJpRyI7kcTaYgRTF7nh1t9_lY,Marathon-Algonquin Pkwy,"4510 ALGONQUIN PKWY, LOUISVILLE, KY 40211, USA",38.2306098,-85.8293151,"703 ALGONQUIN PKY, LOUISVILLE, KY 40208",61,"gas station, convenience store"
ChIJK5vldX4TaYgRrcGGeBzeSDo,Pacific Pride,"3500 BELLS LN, LOUISVILLE, KY 40211, USA",38.2205065,-85.8157171,"2930 WILSON AVE, LOUISVILLE, KY 40211",56,gas station
ChIJc7EthxgTaYgRI7zggypexkw,Inner Plant Systems,"3500 BELLS LN, LOUISVILLE, KY 40211, USA",38.2207747,-85.81521459999999,"2930 WILSON AVE, LOUISVILLE, KY 40211",56,gas station
ChIJm4VoHqUSaYgRDbevviKdzAI,12th & Hill Mart,"1201 W HILL ST, LOUISVILLE, KY 40210, USA",38.2275581,-85.77528649999999,"1233 W HILL ST, LOUISVILLE, KY 40210",67,convenience store
ChIJ1fPQhbYTaYgRIiXXduezd1g,Greenwood Grocery,"1636 W OAK ST, LOUISVILLE, KY 40210, USA",38.236871,-85.7827222,"1631 W MARKET ST, LOUISVILLE, KY 40203",62,convenience store
ChIJzQg7vlgTaYgRb46YIVJDz9c,7th Street Food Mart,"2517 7TH STREET RD, LOUISVILLE, KY 40208, USA",38.2143884,-85.78294240000001,"2105 7TH STREET RD, LOUISVILLE, KY 40208",71,convenience store
ChIJUf-RErQSaYgRX_qJlBx3uq8,Moie's,"1636 W OAK ST, LOUISVILLE, KY 40210, USA",38.2369551,-85.7827421,"1631 W MARKET ST, LOUISVILLE, KY 40203",62,"convenience store, liquor store"
ChIJ82YXNsUSaYgRQcIfj4XS9a0,Anns Stop N Go Llc Mini mart,"1505 S 25TH ST, LOUISVILLE, KY 40210, USA",38.2296515,-85.7970527,"1029 S 26TH ST, LOUISVILLE, KY 40210",63,convenience store
ChIJxVxwWwANaYgR_mThJzrt3bs,Blaze Smoke Shop,"2221 CRITTENDEN DR, LOUISVILLE, KY 40217, USA",38.214604,-85.7507562,"2704 CRITTENDEN DR, LOUISVILLE, KY 40209",61,tobacco
ChIJV9aUWWkNaYgR_nZS5Spslac,24/7 Stop & Go,"427 WARNOCK ST, LOUISVILLE, KY 40217, USA",38.2144815,-85.7513108,"796 EASTERN PKY, LOUISVILLE, KY 40217",51,convenience store
ChIJFx4ptlENaYgRruOQRvoER7w,Urban Express Mini Mart,"207 W ORMSBY AVE, LOUISVILLE, KY 40203, USA",38.232703,-85.75769319999999,"3420 FRANKFORT AVE, ST MATTHEWS, KY 40207",56,convenience store
ChIJHcLLf0ANaYgRojSrwiiWijc,Cardinal Health,"411 INDUSTRY RD, LOUISVILLE, KY 40208, USA",38.2153518,-85.765872,"4154 BARDSTOWN RD, LOUISVILLE, KY 40218",52,pharmacy
ChIJYbw_EhQNaYgR86G3c85NKYs,Liquor World,"2403 S SHELBY ST, LOUISVILLE, KY 40217, USA",38.2140954,-85.741841,"1506 S SHELBY ST, LOUISVILLE, KY 40217",66,liquor store
ChIJPfoURxUNaYgRmcvHCfMdyAY,The Breeze Wine & Coffee,"1247 S SHELBY ST, LOUISVILLE, KY 40203, USA",38.2315993,-85.7416464,"901 S SHELBY ST, LOUISVILLE, KY 40203",60,liquor store
ChIJA9Aebc4NaYgRzqWCGn2tKi0,Norton Pharmacy - Audubon,"NORTON MEDICAL PLAZA WEST, 2355 POPLAR LEVEL RD FIRST FLOOR, LOUISVILLE, KY 40217, USA",38.2152709,-85.7227951,"1422 POPLAR LEVEL RD, LOUISVILLE, KY 40217",54,pharmacy
ChIJW9Wk_iQNaYgR9ECrvh1go14,Bean Roastery and Cafe,"1138 GOSS AVE, LOUISVILLE, KY 40217, USA",38.2258471,-85.733536,"1036 GOSS AVE, LOUISVILLE, KY 40217",65,cbd
ChIJeVmo0KQMaYgRFFm6bpSe0T0,"William D. Antle, R","2200 DUNDEE RD, LOUISVILLE, KY 40205, USA",38.2243868,-85.6941454,"2204 HEATHER LN, 40218",54,pharmacy
ChIJWX30_-0NaYgRJKhIR8sDF5s,Leaf of Faith Wellness Dispensary,"2000 BARINGER AVE, LOUISVILLE, KY 40204, USA",38.2327773,-85.71033419999999,"209 E MAIN ST, SUITE 200, 40202",62,cbd
ChIJG0H_iit1aYgRMa0hm2CvSyo,Lamore Van E,"4001 KRESGE WAY STE 330, ST MATTHEWS, KY 40207, USA",38.2391665,-85.64062129999999,"314 WALLACE AVE, ST MATTHEWS, KY 40207",55,pharmacy
ChIJR2UCG9MKaYgR9HEWrwCBsT8,Gould's Discount Medical,"3901 DUTCHMANS LN #100, LOUISVILLE, KY 40207, USA",38.2338635,-85.63626579999999,"4013 DUTCHMANS LN, ST MATTHEWS, KY 40207",65,pharmacy
ChIJLxy58c0KaYgRPB1nuTWglEk,Art Jacob Prescription Shoppe,"4036 DUTCHMANS LN SUITE 2, LOUISVILLE, KY 40207, USA",38.2342996,-85.63108129999999,"4120 DUTCHMANS LN, ST MATTHEWS, KY 40207",70,pharmacy
ChIJA1hY2tILaYgRsargF2qWp5w,Norton Pharmacy - St. Matthews,"4001 DUTCHMANS LN LEVEL 1, LOUISVILLE, KY 40207, USA",38.2354034,-85.6322778,"4013 DUTCHMANS LN, ST MATTHEWS, KY 40207",67,pharmacy
ChIJ1bie1cwKaYgR1cIirZRGMAY,PCA South East,"4040 DUTCHMANS LN # A, LOUISVILLE, KY 40207, USA",38.23455020000001,-85.6306362,"4120 DUTCHMANS LN, ST MATTHEWS, KY 40207",67,pharmacy
ChIJt0XOGn4TaYgR8C2GeuPOIBg,Marathon-Kramers Ln,"3920 KRAMERS LN, SHIVELY, KY 40216, USA",38.2058256,-85.8480486,"2204 HEATHER LN, 40218",67,gas station
ChIJP6rlTgwTaYgRItb_6sthGQ4,Mid-Nite Liquors,"3200 RALPH AVE, LOUISVILLE, KY 40216, USA",38.2079139,-85.8247454,"2204 HEATHER LN, 40218",59,liquor store
ChIJ3xVkv1QTaYgR7wcqKfMmq_E,Genoa Healthcare,"2105 CRUMS LN, LOUISVILLE, KY 40216, USA",38.1944928,-85.81104979999999,"2800 CRUMS LN, SHIVELY, KY 40216",69,pharmacy
ChIJaaMvk00SaYgRm2KxMueq5H0,Qol Meds,"1512 CRUMS LN, LOUISVILLE, KY 40216, USA",38.1891759,-85.80497539999999,"2121 CRUMS LN, SHIVELY, KY 40216",69,pharmacy
ChIJUWCISsUTaYgRgbmoiLvRTSY,Ali 3 smoke shop,"1842 BERRY BLVD, LOUISVILLE, KY 40215, USA",38.1964283,-85.79827019999999,"1842 BERRY BLVD, 101, LOUISVILLE, KY 40215",70,"tobacco, vape"
ChIJOWKJnFcSaYgRtdfM6pXSxRg,Pb Gas Station,"S 7TH ST, LOUISVILLE, KY 40216, USA",38.1970686,-85.7982012,"3632 S 7TH STREET RD, BLDG, 40216",62,"gas station, convenience store"
ChIJCd0xVo0SaYgR0IFMHxu4aEo,Uptown Liquor,"2823 S 7TH ST, LOUISVILLE, KY 40215, USA",38.2095651,-85.7867861,"2823 7TH STREET RD, LOUISVILLE, KY 40215",67,liquor store
ChIJJYFUTHkNaYgR4CPGlb_nLv8,Kroger Fuel Center,"3137 S 3RD ST, LOUISVILLE, KY 40208, USA",38.2037723,-85.7636976,"3137 S 3RD ST, LOUISVILLE, KY 40214",65,"gas station, convenience store"
ChIJEdfU7CMNaYgRisJOovkDqQU,The General Auto Insurance,"2622 S 4TH ST, LOUISVILLE, KY 40208, USA",38.2108171,-85.7648229,"2633 S 4TH ST, LOUISVILLE, KY 40208",65,convenience store
ChIJT2E5f4MNaYgRVIVhsWC3Vd8,Bluegrass Healthcare Management Group,"4226 ALLMOND AVE, LOUISVILLE, KY 40209, USA",38.1931143,-85.75917199999999,"542 E LAMPTON ST, BLDG, 40203",57,pharmacy
ChIJt8_fKKoNaYgRoJukjvbQiOw,ALDI,"3442 PRESTON HWY, LOUISVILLE, KY 40213, USA",38.194908,-85.7308932,"3210 PRESTON HWY, LOUISVILLE, KY 40213",69,convenience store
ChIJ9WW6iHELaYgRHqu9LUJ-hSc,Costco Gas Station,"3408 BARDSTOWN RD, LOUISVILLE, KY 40218, USA",38.2051259,-85.66685369999999,"3300 BARDSTOWN RD, LOUISVILLE, KY 40218",70,gas station
ChIJJ6hgOgALaYgRlAk7wIwMljA,Envios a Cuba,"3804 SHEPHERDSVILLE RD, LOUISVILLE, KY 40218, USA",38.1965759,-85.6620902,"6804 SHEPHERDSVILLE RD, LOUISVILLE, KY 40219",66,convenience store
ChIJvZzvh3ELaYgRSkuAem4KZx0,Costco Louisville Liquor Sale,"3408 BARDSTOWN RD, LOUISVILLE, KY 40218, USA",38.203935,-85.6689052,"3300 BARDSTOWN RD, LOUISVILLE, KY 40218",70,liquor store
ChIJFztxp6MLaYgRZO8P8eCTNFE,Center for Health & Wellness at Sullivan University College of Pharmacy and Health Sciences,"2100 GARDINER LN, LOUISVILLE, KY 40205, USA",38.2105329,-85.6739315,"2204 HEATHER LN, 40218",60,pharmacy
ChIJw9AEh3ELaYgRrj5T7SPEb5U,Costco Pharmacy,"3408 BARDSTOWN RD, LOUISVILLE, KY 40218, USA",38.2032187,-85.66946399999999,"3300 BARDSTOWN RD, LOUISVILLE, KY 40218",70,pharmacy
ChIJ7U0tVToLaYgRVY97WNUAxAo,COVID-19 Drive-Thru Testing at Walgreens,"2021 HIKES LN, LOUISVILLE, KY 40218, USA",38.1983644,-85.66203,"2021 HIKES LN, WEST BUECHEL, KY 40218",70,pharmacy
ChIJU8b4_mULaYgRBssYVctxO64,Sullivan University's College of Pharmacy & Health Sciences,"2100 GARDINER LN, LOUISVILLE, KY 40205, USA",38.2110147,-85.67428319999999,"2204 HEATHER LN, 40218",60,pharmacy
ChIJO9XOloQLaYgRmuky7M5ZyqA,Propane Refill at U-Haul,"4128 BARDSTOWN RD, LOUISVILLE, KY 40218, USA",38.1903417,-85.64559729999999,"4780 BARDSTOWN RD, LOUISVILLE, KY 40218",70,gas station
ChIJcy2l5aoLaYgRcqEOjfrXkyo,LIFEWELL RX PHARMACY,"2200 BUECHEL AVE, LOUISVILLE, KY 40218, USA",38.191782,-85.6452137,"2200 BUECHEL AVE, 101, LOUISVILLE, KY 40218",71,pharmacy
ChIJ6wvvBH6haYgRTLYBUmAD6a4,Walmart JEFFERSONTOWN #5183 Wine & Spirits,"3800 RUCKRIEGEL PKWY, JEFFERSONTOWN, KY 40299, USA",38.1894186,-85.56403329999999,"3751 RUCKRIEGEL PARKWAY PARK, UNIT A, 40299",69,liquor store
ChIJy9VEBUOgaYgRTNFE7bW-sl0,RxAlternatives,"9813 MERIONETH DR, LOUISVILLE, KY 40299, USA",38.2046695,-85.5760554,"9101 GALENE DR, JEFFERSONTOWN, KY 40299",57,pharmacy
ChIJR-O78dWYaYgRcFXTiYF0iV8,Republic National Distributing,"2801 BLANKENBAKER PKWY, LOUISVILLE, KY 40299, USA",38.2013621,-85.5357952,"1804 BLANKENBAKER PKY, JEFFERSONTOWN, KY 40299",69,liquor store
ChIJKWz0vYmjaYgRy6HClQXwgvw,"CRST The Transportation Solution, Inc.","2903 S ENGLISH STATION RD, LOUISVILLE, KY 40299, USA",38.1954225,-85.4731102,"2803 PATTI LN, JEFFERSONTOWN, KY 40299",54,gas station
ChIJd2ZvW2SjaYgRpyt68nyyrPk,"CRST The Transportation Solution, Inc.","3003 S ENGLISH STATION RD, LOUISVILLE, KY 40299, USA",38.194586,-85.470198,"3632 S 7TH STREET RD, BLDG, 40216",55,gas station
ChIJjXvU9-cTaYgRDatuglOzy1M,Kroger Fuel Center,"4915C DIXIE HWY, LOUISVILLE, KY 40216, USA",38.1680652,-85.8281135,"4048 E DIXIE HWY, BLDG, 40216",71,"gas station, convenience store"
ChIJMW6KKsATaYgRQlRqU59ZO4U,Rockford Plaza,"4734 ROCKFORD PLAZA, LOUISVILLE, KY 40216, USA",38.1767085,-85.8279305,"4752 ROCKFORD PLZ, SHIVELY, KY 40216",71,"convenience store, liquor store"
ChIJrzZVf7wNaYgRZgL7S-F1cwc,Distillery District Marketplace,"LOUISVILLE INTERNATIONAL AIRPORT, 600 TERMINAL DR, LOUISVILLE, KY 40209, USA",38.1838644,-85.74098339999999,"6900 BARDSTOWN RD, LOUISVILLE, KY 40291",62,liquor store
ChIJPzSjXW8MaYgRDHpYDgUwYpM,Quick Fuel,"3700 BISHOP LN, LOUISVILLE, KY 40218, USA",38.1847875,-85.698804,"4308 BISHOP LN, BLDG, 40218",67,"gas station, convenience store"
ChIJAQD01WsMaYgR9BnJDMa_hnE,Maha Mart,"1306 GILMORE LN, LOUISVILLE, KY 40213, USA",38.180331,-85.7025331,"1207 GILMORE LN, LYNNVIEW, KY 40213",70,convenience store
ChIJF9b1zRcMaYgRV7IZlmXsKoA,Save A Lot,"5747 PRESTON HWY, LOUISVILLE, KY 40219, USA",38.167030700000005,-85.70195079999999,"7701 PRESTON HWY, LOUISVILLE, KY 40219",69,convenience store
ChIJdQhm0hcMaYgRWR_-Nl1IRH0,Dollar Tree,"5713 PRESTON HWY, LOUISVILLE, KY 40219, USA",38.1673069,-85.7018889,"7303 PRESTON HWY, LOUISVILLE, KY 40219",69,convenience store
ChIJm9CjnxcMaYgR5vgJtzZ_yNw,Feeders Pet Supply,"5763 PRESTON HWY, LOUISVILLE, KY 40219, USA",38.1656382,-85.7017236,"7303 PRESTON HWY, LOUISVILLE, KY 40219",69,cbd
ChIJ5eQZEncMaYgRtCDkk0Goh0k,Quick Fuel Fleet Services,"3939 PRODUCE RD #3, LOUISVILLE, KY 40218, USA",38.183296,-85.68785,"3303 NEWBURG RD, 40218",64,gas station
ChIJiwr0IHkMaYgR2zFrWsrFhPY,A&M Oil Company Inc.,"4630 JENNINGS LN, LOUISVILLE, KY 40218, USA",38.1891298,-85.6868844,"4308 BISHOP LN, BLDG, 40218",64,gas station
ChIJdShpoXwWaYgRlkd6BVs3Wik,Marathon Gas,"7520 DISTRIBUTION DR, LOUISVILLE, KY 40258, USA",38.1499056,-85.89552789999999,"7500 TERRY RD, LOUISVILLE, KY 40258",54,"gas station, convenience store"
ChIJa4dO56EWaYgRTkH-tzl5sEc,Terry Convenient Store,"6600 TERRY RD, LOUISVILLE, KY 40258, USA",38.155754,-85.868752,"7500 TERRY RD, LOUISVILLE, KY 40258",65,"gas station, convenience store"
ChIJPx1kOzkOaYgRgv6UmmtaaSA,Pick And Pump 5,"8404 NATIONAL TURNPIKE, LOUISVILLE, KY 40214, USA",38.1281785,-85.7494605,"8405 NATIONAL TPKE, LOUISVILLE, KY 40214",70,"gas station, convenience store"
ChIJbQAKGmgOaYgRcNaQP1BAAL4,Clean N' Green Fuel,"7501 GRADE LN, LOUISVILLE, KY 40219, USA",38.1341363,-85.7337574,"4950 TERRY RD, UNIT A, 40216",58,gas station
ChIJg-2f5s4PaYgRqGA-Sn3wrcM,DEF for work trucks THORNTONS,"8311 NATIONAL TURNPIKE, LOUISVILLE, KY 40214, USA",38.1282701,-85.74882699999999,"8405 NATIONAL TPKE, LOUISVILLE, KY 40214",64,gas station
ChIJN4aW_AEOaYgR88E5zVNrhXQ,Alrasoul Food Mart,"7141 SOUTHSIDE DR, LOUISVILLE, KY 40214, USA",38.1512134,-85.7663513,"7136 SOUTHSIDE DR, LOUISVILLE, KY 40214",70,convenience store
ChIJBZQviwMOaYgRiBBgdzeO5AU,Ks Deli Food Mart,"5600 NATIONAL TURNPIKE # 1, LOUISVILLE, KY 40214, USA",38.1492249,-85.76155829999999,"5600 NATIONAL TPKE, LOUISVILLE, KY 40214",71,convenience store
ChIJuejbHm4OaYgRIHhWS_AFJBE,Kuhl's Beer Depot & Eats,"7302 GRADE LN, LOUISVILLE, KY 40219, USA",38.1441284,-85.7388142,"8062 NEW LAGRANGE RD, 40222",58,"convenience store, liquor store"
ChIJh2pauqgOaYgRxt1cAmgv434,Family Dollar,"TARGET CENTER, 7100 PRESTON HWY, LOUISVILLE, KY 40219, USA",38.1491092,-85.69458,"7100 PRESTON HWY, LOUISVILLE, KY 40219",61,convenience store
ChIJVVcVHcCeaYgRV9iJUZuye98,Public Storage,"6651 PARAMOUNT PARK DR, LOUISVILLE, KY 40213, USA",38.152708,-85.7131464,"10511 FISCHER PARK DR, 40241",51,convenience store
ChIJq6qqqrsLaYgR_VrJVsAxYVI,RX Crossroads,"5101 AIR COMMERCE DR, LOUISVILLE, KY 40218, USA",38.1276238,-85.7160078,"3501 3501 COLLEGE DR DR, 40299",55,pharmacy
ChIJJ5gRaFoJaYgR2LSXj-wUYkM,CVS Pharmacy,"7311 JEFFERSON BLVD, LOUISVILLE, KY 40219, USA",38.1460158,-85.6731897,"9101 GALENE DR, JEFFERSONTOWN, KY 40299",61,pharmacy
ChIJ76TeBnsJaYgRa0XSgdY2UZc,St. Matthews Pharmacy,"5724 OUTER LOOP, LOUISVILLE, KY 40219, USA",38.1376963,-85.6539446,"5702 OUTER LOOP, LOUISVILLE, KY 40219",71,pharmacy
ChIJ32UarU0JaYgRid90pVI6kME,CVS Pharmacy,"4101 OUTER LOOP, LOUISVILLE, KY 40219, USA",38.1388356,-85.6862226,"4310 OUTER LOOP, LOUISVILLE, KY 40219",71,pharmacy
ChIJJ5gRaFoJaYgRwGeK6KCPSFY,"John W. Reed Jr, R","7311 JEFFERSON BLVD, LOUISVILLE, KY 40219, USA",38.1457266,-85.67307360000001,"9101 GALENE DR, JEFFERSONTOWN, KY 40299",61,pharmacy
ChIJ___v-rGgaYgRbbgqW25bJdU,Frocken Hemp,"9100 FERN CREEK RD #91731, LOUISVILLE, KY 40291, USA",38.1555149,-85.5915563,"9101 GALENE DR, JEFFERSONTOWN, KY 40299",57,cbd
ChIJKxMW-7OhaYgR1rls4eyeyT4,A-Plus Shacklette's Computer Repair,"11519 SHAFFER FARMS LN, LOUISVILLE, KY 40291, USA",38.1490572,-85.5578567,"2121 CRUMS LN, SHIVELY, KY 40216",62,convenience store
ChIJ0wFPwucXaYgRjt2M0Jz50jM,Responsible Cannabis Use,"5405 ANGUS CT #4, LOUISVILLE, KY 40272, USA",38.1025731,-85.8631214,"540 E GRAY ST, LOUISVILLE, KY 40202",52,cbd
ChIJN3jZG9cQaYgRfJfRbBhoDkc,Qol Meds,"9702 STONESTREET RD, LOUISVILLE, KY 40272, USA",38.112955,-85.8405449,"9240 WESPORT RD, 40242",65,pharmacy
ChIJRfCKQgAPaYgRdnY9pyiNiX4,UofL Health,"1001 CHERI WAY, HOLLYVILLA, KY 40118, USA",38.1188635,-85.74280739999999,"10511 FISCHER PARK DR, 40241",60,pharmacy
ChIJU8XGxsYIaYgRKJqQNMsbVVY,Circle K,"5035 MUD LN, LOUISVILLE, KY 40229, USA",38.093161900000005,-85.6702773,"5035 MUD LN, LOUISVILLE, KY 40229",71,"gas station, convenience store"
ChIJS9FzHscIaYgRlni1u51espo,Dollar Tree,"5023 MUD LN #100, LOUISVILLE, KY 40229, USA",38.0919346,-85.671818,"5016 MUD LN, 102, LOUISVILLE, KY 40229",64,convenience store
ChIJ0zzkZ8QIaYgRmgp7StRy8hA,Liquor Sky,"11489 PRESTON HWY, LOUISVILLE, KY 40229, USA",38.0835106,-85.6667173,"10515 PRESTON HWY, LOUISVILLE, KY 40229",67,liquor store
ChIJY_s9SL8IaYgRXm-LZ9zLy_0,CVS Pharmacy,"5121 ANTLE DR, LOUISVILLE, KY 40229, USA",38.0880437,-85.6685928,"5400 ANTLE DR, LOUISVILLE, KY 40229",62,pharmacy
ChIJn7TAvTkJaYgR3Ou6y1gVrAg,DirectCBD,"5201 INTERCHANGE WAY DIRECTCBD, LOUISVILLE, KY 40229, USA",38.0938928,-85.67785970000001,"5400 DEL MARIA WAY, LOUISVILLE, KY 40291",51,cbd
ChIJ-co3ByilaYgRYKrjpCJgOe0,Country Pantry,"2967 KINGS CHURCH RD, TAYLORSVILLE, KY 40071, USA",38.094109,-85.4754335,"7813 BEULAH CHURCH RD, 107, LOUISVILLE, KY 40228",56,"gas station, convenience store"
ChIJBXcuz4UPaYgRVWjn9tn-UjU,Modified H-D,"800 BROOKS FOREST RD, BROOKS, KY 40109, USA",38.0767799,-85.7338432,"8001 BARDSTOWN RD, LOUISVILLE, KY 40291",57,gas station
ChIJUZW9TvMJaYgR9IyKme7ipHU,Laugh Out Loud Smoker,"135 MKT PL DR SUITE G, LOUISVILLE, KY 40229, USA",38.0723342,-85.6723876,"13725 DIXIE HWY, LOUISVILLE, KY 40272",58,"tobacco, vape"
ChIJKzKX0w0GaYgRQrgyxCy_yaM,Sunoco,"3390 BURKLAND BLVD, SHEPHERDSVILLE, KY 40165, USA",38.0522113,-85.6766683,"3439 TAYLOR BLVD, BLDG, 40215",63,"gas station, convenience store"
ChIJecXmsLwIaYgR4_-vcPNP4gg,FiveStar,"155 HILLVIEW BLVD, LOUISVILLE, KY 40229, USA",38.0788532,-85.66858309999999,"10986 DIXIE HWY, 40272",55,"gas station, convenience store"
ChIJc0kLaD0HaYgRBtdtm0wM6ec,Rapid Liquor,"3390 BURKLAND BLVD, SHEPHERDSVILLE, KY 40165, USA",38.0521213,-85.676326,"3439 TAYLOR BLVD, BLDG, 40215",63,liquor store
ChIJs4qgtKYIaYgRylJggoBkVUQ,MY PHARMACY,"170 DR ARLA WAY, LOUISVILLE, KY 40229, USA",38.0700216,-85.6712339,"10986 DIXIE HWY, 40272",57,pharmacy
ChIJsSK25ZsHaYgR1kZ2jNtX0pM,Dollar General,"1841 ZONETON RD, SHEPHERDSVILLE, KY 40165, USA",38.061,-85.637,"14010 SHELBYVILLE RD, 40245",51,convenience store
ChIJ-WL5mdSnaYgREQf0LJnyjLg,Retail Data Systems,"1023 LANDIS LN UNIT G, MT WASHINGTON, KY 40047, USA",38.0693349,-85.5663245,"1029 BARDSTOWN RD, UNIT A, 40204",67,convenience store
ChIJqR8UlZCoaYgRXRiKDcVaT2Q,bp,"351 VILLAGE LN, MT WASHINGTON, KY 40047, USA",38.0602896,-85.5457594,"3905 E PAGES LN, LOUISVILLE, KY 40272",62,"gas station, convenience store"
ChIJqR8UlZCoaYgRM3iXfT9P9VY,bp,"462 N BARDSTOWN RD, MT WASHINGTON, KY 40047, USA",38.0511691,-85.5464959,"1029 BARDSTOWN RD, UNIT A, 40204",67,"gas station, convenience store"
ChIJW3SwqMCoaYgRgTJbeLV1ssU,Sunoco,"519 N BARDSTOWN RD, MT WASHINGTON, KY 40047, USA",38.0519292,-85.5475222,"1029 BARDSTOWN RD, UNIT A, 40204",67,"gas station, convenience store"
ChIJ__tsJTKpaYgRsZv7lTieDfA,Five Star Food Mart 565,"351 VILLAGE LN, MT WASHINGTON, KY 40047, USA",38.0602897,-85.545789,"3905 E PAGES LN, LOUISVILLE, KY 40272",62,"gas station, convenience store"
ChIJ3xB3KwWpaYgR9krVXDBji9Q,FiveStar,"351 VILLAGE LN, MT WASHINGTON, KY 40047, USA",38.0602897,-85.545789,"3905 E PAGES LN, LOUISVILLE, KY 40272",62,"gas station, convenience store"
ChIJ54u5kpCoaYgR98b_GpUkVVc,Namaste Minimart,"519 N BARDSTOWN RD, MT WASHINGTON, KY 40047, USA",38.0518069,-85.54763799999999,"1029 BARDSTOWN RD, UNIT A, 40204",67,convenience store
ChIJBwXBUmapaYgR1c_l3YbqwXA,Kroger Liquor Store,"234 EASTBROOKE PKWY, MT WASHINGTON, KY 40047, USA",38.0567947,-85.5371782,"796 EASTERN PKY, LOUISVILLE, KY 40217",50,"convenience store, liquor store"
ChIJbQd-kouoaYgRwIg9bB6UXC8,Cut Rate Liquors,"185 DELAINA DR, MT WASHINGTON, KY 40047, USA",38.0430823,-85.5513388,"1035 ZORN AVE, LOUISVILLE, KY 40207",49,liquor store
ChIJXb6qU72oaYgRAvS2hZyDqqk,ValuMarket Pharmacy Mt. Washington,"205 OAKBROOKE DR # A, MT WASHINGTON, KY 40047, USA",38.0526266,-85.5401428,"1054 BARRET AVE, LOUISVILLE, KY 40204",51,pharmacy
ChIJyzSFU6OoaYgRXxjucvyxs28,COVID-19 Drive-Thru Testing at Walgreens,"11099 HWY 44 E, MT WASHINGTON, KY 40047, USA",38.0518856,-85.5357138,"10986 DIXIE HWY, 40272",63,pharmacy
ChIJMxKGHxwiaYgRf7pyejSqN48,West Point Marathon,"204 S 4TH ST, WEST POINT, KY 40177, USA",37.99728,-85.94614700000001,"2204 HEATHER LN, 40218",56,"gas station, convenience store"
ChIJ66NomhsiaYgRvMMynpCW9qs,Short Stop Food Mart,"101 MAIN ST, WEST POINT, KY 40177, USA",37.9991832,-85.9444085,"1901 W MAIN ST, LOUISVILLE, KY 40203",55,"gas station, convenience store"
ChIJGyrC9n4ZaYgRbT1vJ10EXnk,Water Fill Station,"STITES STA RD, WEST POINT, KY 40177, USA",38.018982,-85.90808799999999,"3632 S 7TH STREET RD, BLDG, 40216",52,gas station
