Google Place Name,Google Address,Google Place ID,lat,long,Closest ArcGIS Match,Closest Match Score,Keywords
Marathon Gas,"10306 US-42, PROSPECT, KY 40059, USA",ChIJSx8rOy52aYgRfyRnMcVd5SY,38.3556996,-85.6111382,"10306 U S HIGHWAY 42, LOUISVILLE, KY 40059",60,"gas station, convenience store"
Circle K,"9109 US-42, PROSPECT, KY 40059, USA",ChIJRf7upxV2aYgRlM0kIaY3YJU,38.339766999999995,-85.62004000000002,"9109 U S HIGHWAY 42, PROSPECT, KY 40059",57,"gas station, convenience store"
Kroger Fuel Center,"6501 FRST CV LN, PROSPECT, KY 40059, USA",ChIJsW03z2p2aYgRsAVagIGzF_g,38.3387593,-85.6234691,"6501 FOREST COVE LN, FUEL, LOUISVILLE, KY 40059",65,"gas station, convenience store"
Shell,"9109 US-42, PROSPECT, KY 40059, USA",ChIJueL2mhV2aYgRrZGozCEk9ms,38.339507,-85.619827,"9109 U S HIGHWAY 42, PROSPECT, KY 40059",57,"gas station, convenience store"
Prospect Food Mart,"10306 US-42, PROSPECT, KY 40059, USA",ChIJfV7RdS52aYgR2Bj-_BlkWFs,38.3556583,-85.6110484,"10306 U S HIGHWAY 42, LOUISVILLE, KY 40059",60,"gas station, convenience store"
prospect point,"PROSPECT, KY 40059, USA",ChIJZUoSJzx2aYgRfGqtoNixoh4,38.343737,-85.61769389999999,"9109 U S HIGHWAY 42, PROSPECT, KY 40059",66,convenience store
Evergreen Liquors,"9521 US-42, PROSPECT, KY 40059, USA",ChIJ8e3XmD52aYgR1s6MDN6HfdI,38.344035999999996,-85.6181479,"9521 U S HIGHWAY 42, B, PROSPECT, KY 40059",55,liquor store
CBD Pure Hemp Oil,"9535 US-42, PROSPECT, KY 40059, USA",ChIJP41X_E-daYgR3Jp-bI67LyY,38.344507799999995,-85.61743880000002,"9521 U S HIGHWAY 42, B, PROSPECT, KY 40059",47,"pharmacy, cbd"
TJ's Smoke Outlet,"13206 W U.S. HWY 42 SUITE 101, PROSPECT, KY 40059, USA",ChIJEwwqmwGdaYgR6Yb0XcxHXGM,38.3643615,-85.6017998,"10306 U S HIGHWAY 42, LOUISVILLE, KY 40059",68,"tobacco, vape, cbd"
Shell,"13142 W U.S. HWY 42, PROSPECT, KY 40059, USA",ChIJ6aiDen6daYgRZPxqBXKC-7o,38.3655226,-85.6006213,"10306 U S HIGHWAY 42, LOUISVILLE, KY 40059",59,"gas station, convenience store"
Thorntons,"13302 W HWY 42, PROSPECT, KY 40059, USA",ChIJn5UEDn6daYgRCxTH8DOeebg,38.3641559,-85.60303929999999,"10306 U S HIGHWAY 42, LOUISVILLE, KY 40059",57,"gas station, convenience store"
Crossroads IGA,"13124 W HWY 42, PROSPECT, KY 40059, USA",ChIJP_nv2X2daYgR4pANzxSFFSI,38.365285,-85.60041609999999,"10306 U S HIGHWAY 42, LOUISVILLE, KY 40059",53,convenience store
Prospect Liquors,"13306 W HWY 42 SUITE 108, PROSPECT, KY 40059, USA",ChIJ063jq9V3aYgRqhUhZOxxDYw,38.3636796,-85.6046252,"10306 U S HIGHWAY 42, LOUISVILLE, KY 40059",66,liquor store
Buzz World,"13206 US-42 #111, PROSPECT, KY 40059, USA",ChIJT6wPzPR3aYgRG2COyOqDgug,38.3647691,-85.6012307,"10306 U S HIGHWAY 42, LOUISVILLE, KY 40059",52,liquor store
Goshen Animal Clinic,"13108 W U.S. HWY 42, PROSPECT, KY 40059, USA",ChIJAQRYJXydaYgRaWxxPkhcpkA,38.3664622,-85.5984337,"10306 U S HIGHWAY 42, LOUISVILLE, KY 40059",62,pharmacy
Costco Gas Station,"5020 NORTON HEALTHCARE BLVD, LOUISVILLE, KY 40241, USA",ChIJ60Ywx3eeaYgRRMQmODcCyiA,38.3165973,-85.5741996,"542 E LAMPTON ST, BLDG, 40203",57,"gas station, convenience store"
Dairy Queen Grill & Chill,"4811 NORTON HEALTHCARE BLVD, LOUISVILLE, KY 40241, USA",ChIJZ0HEHXqeaYgR9oTWOwsi2as,38.3121175,-85.57059129999999,"4101 TAYLOR BLVD, LOUISVILLE, KY 40215",55,convenience store
The UPS Store,"9462 BROWNSBORO RD, LOUISVILLE, KY 40241, USA",ChIJN5KnzXGeaYgRM4UpnGxaJs0,38.305896499999996,-85.57442549999999,"9440 BROWNSBORO RD, LOUISVILLE, KY 40241",71,convenience store
GNC,"9472 BROWNSBORO RD, LOUISVILLE, KY 40241, USA",ChIJq5MFzXGeaYgRhWk6MOFIcmc,38.305991,-85.5741197,"9440 BROWNSBORO RD, LOUISVILLE, KY 40241",71,"convenience store, pharmacy"
Norton Pharmacy - Brownsboro,"4960 NORTON HEALTHCARE BLVD LEVEL 1, LOUISVILLE, KY 40241, USA",ChIJkX2HWHaeaYgRuRGtFMIsNEg,38.3152987,-85.57604370000001,"4170 TAYLOR BLVD, LOUISVILLE, KY 40215",52,pharmacy
Costco Pharmacy,"5020 NORTON HEALTHCARE BLVD, LOUISVILLE, KY 40241, USA",ChIJ09v8xu-faYgRfyni4q7Yn1c,38.3170505,-85.5735308,"542 E LAMPTON ST, BLDG, 40203",57,pharmacy
Costco Wholesale,"5020 NORTON HEALTHCARE BLVD, LOUISVILLE, KY 40241, USA",ChIJ60Ywx3eeaYgRwGzNUtf272c,38.316885,-85.573431,"542 E LAMPTON ST, BLDG, 40203",57,pharmacy
Fit Organics LTD,"9462 BROWNSBORO RD #347, LOUISVILLE, KY 40241, USA",ChIJdbaSMh2faYgR-oNTyIsFREU,38.3060214,-85.5744534,"9440 BROWNSBORO RD, LOUISVILLE, KY 40241",67,cbd
Kroger Fuel Center,"10022 BALLARDSVILLE RD, LOUISVILLE, KY 40241, USA",ChIJ-YhgddifaYgRgNywaniCIa0,38.3150617,-85.5597962,"10022 BALLARDSVILLE RD, SUITE FUEL, LOUISVILLE, KY 40241",69,gas station
Public Storage,"3520 CHAMBERLAIN LN, LOUISVILLE, KY 40241, USA",ChIJi25-AsCeaYgRT0b_05jwpjg,38.2946185,-85.5407381,"3707 CHAMBERLAIN LN, 102, LOUISVILLE, KY 40241",68,convenience store
Panera Bread,"10451 CHAMPION FARMS DR, LOUISVILLE, KY 40241, USA",ChIJHf64d2CeaYgRwxj5EuXl9EE,38.296172999999996,-85.560786,"10511 FISCHER PARK DR, 40241",61,convenience store
Dunkin',"9913 BROWNSBORO RD, LOUISVILLE, KY 40241, USA",ChIJQ7a5qX-eaYgRD0S2iL_WuUc,38.3149885,-85.5637648,"9801 BROWNSBORO RD, LOUISVILLE, KY 40241",71,convenience store
Public Storage,"3913 ACCOMACK DR, LOUISVILLE, KY 40241, USA",ChIJAbQX03GfaYgRlfZw_cDMrZc,38.3023017,-85.5390572,"3501 3501 COLLEGE DR DR, 40299",51,convenience store
Clean Eatz,"3565 SPRINGHURST BLVD, LOUISVILLE, KY 40241, USA",ChIJ_4ZKW86faYgRMQiv8dOGCWw,38.2982398,-85.5590031,"2500 TERRA CROSSING BLVD, LOUISVILLE, KY 40245",54,convenience store
Kroger Liquor Store,"10010 BALLARDSVILLE RD, LOUISVILLE, KY 40241, USA",ChIJWykSvj6faYgRpzKh_eFNyhI,38.31503,-85.55989199999999,"1101 BARDSTOWN RD, LOUISVILLE, KY 40204",68,liquor store
Kroger Pharmacy,"10010 BALLARDSVILLE RD, LOUISVILLE, KY 40241, USA",ChIJPzpsGKqfaYgRiBAyxFso2i4,38.31503,-85.55989199999999,"1101 BARDSTOWN RD, LOUISVILLE, KY 40204",68,pharmacy
Walmart Pharmacy,"3706 DIANN MARIE RD, LOUISVILLE, KY 40241, USA",ChIJVc5dD5SeaYgRwkfVpbZi-4o,38.300830999999995,-85.545152,"13702 LA GRANGE RD, LOUISVILLE, KY 40245",57,pharmacy
Apotheco Pharmacy Louisville,"3582 SPRINGHURST BLVD, LOUISVILLE, KY 40241, USA",ChIJ931LjsCfaYgR69hSr92l-ws,38.298373999999995,-85.5615115,"2502 TERRA CROSSING BLVD, LOUISVILLE, KY 40245",56,pharmacy
Rainbow Blossom Springhurst Wellness Center,"3608 SPRINGHURST BLVD, LOUISVILLE, KY 40241, USA",ChIJ5wKSb4qeaYgRxCJ0g72yBjY,38.2998668,-85.56071170000001,"2500 TERRA CROSSING BLVD, LOUISVILLE, KY 40245",54,cbd
The Vitamin Shoppe,"4000 TOWNE CENTER DR, LOUISVILLE, KY 40241, USA",ChIJiz9nvoyeaYgRSMZXJBFzQ00,38.2974521,-85.55477549999999,"4131 TOWNE CENTER DR, LOUISVILLE, KY 40241",64,cbd
Kentucky Wholesale Distributors Association,"7014 HUGHES AVE, CRESTWOOD, KY 40014, USA",ChIJqyuDtdGbaYgRfHLzHN8JPH8,38.3233849,-85.4863798,"7312 SAINT ANDREWS CHURCH RD, 40214",55,tobacco
The H.T. Hackney Co.,"4015 COLLINS LN, LOUISVILLE, KY 40245, USA",ChIJTdbtELOeaYgRwlTmEPtGlgs,38.301674999999996,-85.521746,"14010 SHELBYVILLE RD, 40245",55,tobacco
Marathon Gas (A one Food Mart),"8901 W STATE HWY 22, CRESTWOOD, KY 40014, USA",ChIJSaA4jACcaYgRfEwbyTNlgig,38.3191876,-85.5211205,"2204 HEATHER LN, 40218",57,"gas station, convenience store"
A One Food Mart,"8901 W STATE HWY 22, CRESTWOOD, KY 40014, USA",ChIJzZFCjACcaYgRuVRrDf8lHLU,38.319162899999995,-85.5212749,"2204 HEATHER LN, 40218",57,convenience store
VINTAGE WINE & SPIRITS,"7600 E ORCHARD GRASS BLVD, CRESTWOOD, KY 40014, USA",ChIJI1LY3WWdaYgRsxzi8sGv5P8,38.3196431,-85.5213294,"6000 MANSLICK RD, LOUISVILLE, KY 40214",54,liquor store
Kroger Wine and Spirits,"12440 KY-146, LOUISVILLE, KY 40245, USA",ChIJXZJyJACZaYgRlqvEosy4URw,38.2920817,-85.509461,"14010 SHELBYVILLE RD, 40245",55,liquor store
AffirmedRx,"10200 FOREST SPRINGS DR, LOUISVILLE, KY 40223, USA",ChIJV3WRE8C48ygR9M7oWJFqUSk,38.2932278,-85.5087549,"10511 FISCHER PARK DR, 40241",54,pharmacy
Pewee Valley Veterinary Center,"307 LA GRANGE RD, PEWEE VALLEY, KY 40056, USA",ChIJ7RK-VACZaYgRdxZorvWfX-U,38.3107391,-85.4866554,"13702 LA GRANGE RD, LOUISVILLE, KY 40245",63,pharmacy
Cameron Pharmaceuticals,"12305 WESTPORT RD, LOUISVILLE, KY 40245, USA",ChIJ7Rmuga2eaYgRjG06CBb529o,38.3052912,-85.522722,"9240 WESPORT RD, 40242",68,pharmacy
Kentucky Smokes,"527 N 22ND ST, LOUISVILLE, KY 40203, USA",ChIJ5e5wD-dtaYgRbMPlPlcu1XQ,38.2675234,-85.7828016,"521 N 22ND ST, LOUISVILLE, KY 40203",69,"tobacco, vape, cbd"
Boones gas station,"2102 LYTLE ST, LOUISVILLE, KY 40212, USA",ChIJUc1ucABtaYgR9iFvR72xMYg,38.2670797,-85.7829405,"2124 BANK ST, LOUISVILLE, KY 40212",63,"gas station, convenience store"
Sam's Food Mart,"2749 BANK ST, LOUISVILLE, KY 40212, USA",ChIJ00-FutttaYgRhq2k78U2xFQ,38.270998899999995,-85.79504759999999,"2901 BANK ST, LOUISVILLE, KY 40212",64,convenience store
KENTUCKY CONVENIENCE STORE LLC,"631 N 25TH ST, LOUISVILLE, KY 40212, USA",ChIJmc2x44RtaYgRVQJ4W6hTXOk,38.2717319,-85.78804339999999,"438 N 28TH ST, LOUISVILLE, KY 40212",62,convenience store
Family Health Centers - Portland Pharmacy,"2215 PORTLAND AVE, LOUISVILLE, KY 40212, USA",ChIJU0hKWWxtaYgRJSSzgq67pBE,38.2704958,-85.7843237,"2620 PORTLAND AVE, LOUISVILLE, KY 40212",70,pharmacy
Hill Lane M,"800 ZORN AVE, LOUISVILLE, KY 40206, USA",ChIJ-0IJx3FzaYgRfR2JX2UsSuU,38.2705957,-85.6984952,"8605 SMYRNA RD, 40228",53,pharmacy
"Stacy L. Dobbs, Pharm","800 ZORN AVE, LOUISVILLE, KY 40206, USA",ChIJ-0IJx3FzaYgRZCr47higa7U,38.2705957,-85.6984952,"8605 SMYRNA RD, 40228",53,pharmacy
Hill Laura J,"800 ZORN AVE, LOUISVILLE, KY 40206, USA",ChIJ-0IJx3FzaYgRrKtfbGlCEqA,38.2705957,-85.6984952,"8605 SMYRNA RD, 40228",53,pharmacy
Finnell Lisa H,"800 ZORN AVE, LOUISVILLE, KY 40206, USA",ChIJ-0IJx3FzaYgRHAaQayz6KJg,38.2705957,-85.6984952,"8605 SMYRNA RD, 40228",53,pharmacy
Rueff Denise N,"800 ZORN AVE, LOUISVILLE, KY 40206, USA",ChIJ-0IJx3FzaYgRyAPbMNxij2A,38.2707385,-85.6984234,"8605 SMYRNA RD, 40228",53,pharmacy
Hacker Oscar B,"800 ZORN AVE, LOUISVILLE, KY 40206, USA",ChIJ-0IJx3FzaYgRQeoiHgMOH0M,38.2705957,-85.6984952,"8605 SMYRNA RD, 40228",53,pharmacy
Wyant Michael B,"800 ZORN AVE, LOUISVILLE, KY 40206, USA",ChIJ-0IJx3FzaYgRkV3jgC4v4xY,38.2705957,-85.6984952,"8605 SMYRNA RD, 40228",53,pharmacy
Mc Daniel Gail,"800 ZORN AVE, LOUISVILLE, KY 40206, USA",ChIJ-0IJx3FzaYgRVGojJC7VLuQ,38.2705957,-85.6984952,"8605 SMYRNA RD, 40228",53,pharmacy
Esterle Richard L,"800 ZORN AVE, LOUISVILLE, KY 40206, USA",ChIJ-0IJx3FzaYgRK4IZ5w-ChBg,38.2705957,-85.6984952,"8605 SMYRNA RD, 40228",53,pharmacy
Gordon Angela M,"800 ZORN AVE, LOUISVILLE, KY 40206, USA",ChIJ-0IJx3FzaYgRJ_NTTWtbWF8,38.2705957,-85.6984952,"8605 SMYRNA RD, 40228",53,pharmacy
Dukes Larry G,"800 ZORN AVE, LOUISVILLE, KY 40206, USA",ChIJ-0IJx3FzaYgRymtgY7QgDYc,38.2705957,-85.6984952,"8605 SMYRNA RD, 40228",53,pharmacy
Gentleman William B,"800 ZORN AVE, LOUISVILLE, KY 40206, USA",ChIJ-0IJx3FzaYgRJDEA56EeUOU,38.2705957,-85.6984952,"8605 SMYRNA RD, 40228",53,pharmacy
Kersey Dale L,"800 ZORN AVE, LOUISVILLE, KY 40206, USA",ChIJ-0IJx3FzaYgRcxEG_vQjdUY,38.2705957,-85.6984952,"8605 SMYRNA RD, 40228",53,pharmacy
Matuschka Paul R,"800 ZORN AVE #119, LOUISVILLE, KY 40206, USA",ChIJ-0IJx3FzaYgRsYyLFnunvWg,38.2705957,-85.6984952,"1035 ZORN AVE, LOUISVILLE, KY 40207",55,pharmacy
Weitendorf Frederick,"800 ZORN AVE, LOUISVILLE, KY 40206, USA",ChIJ-0IJx3FzaYgRj7-A9ZEDdT4,38.2705957,-85.6984952,"8605 SMYRNA RD, 40228",53,pharmacy
Canada Charles A,"800 ZORN AVE, LOUISVILLE, KY 40206, USA",ChIJ-0IJx3FzaYgRl5pTe2k_Te4,38.2705957,-85.6984952,"8605 SMYRNA RD, 40228",53,pharmacy
Sandusky Charles,"800 ZORN AVE, LOUISVILLE, KY 40206, USA",ChIJ-0IJx3FzaYgR_ddx3nXdNyg,38.2705957,-85.6984952,"8605 SMYRNA RD, 40228",53,pharmacy
Louisville VA Medical Center,"800 ZORN AVE, LOUISVILLE, KY 40206, USA",ChIJ01UKx3FzaYgRR9NodtnIFDw,38.270285699999995,-85.69695349999999,"8605 SMYRNA RD, 40228",53,pharmacy
"David L. Mcleland, RPH","800 ZORN AVE, LOUISVILLE, KY 40206, USA",ChIJ-0IJx3FzaYgRXr2xZt4sDjM,38.2705957,-85.6984952,"8605 SMYRNA RD, 40228",53,pharmacy
MainPointe Pharmaceuticals,"2604 RIVER GREEN CIR, LOUISVILLE, KY 40206, USA",ChIJAQDAVb9yaYgRdj2po6B4k-M,38.2747789,-85.70712240000002,"2704 CRITTENDEN DR, LOUISVILLE, KY 40209",59,pharmacy
Sutherland Hardware & Mercantile,"3620 BROWNSBORO RD, LOUISVILLE, KY 40207, USA",ChIJo3FTRpF0aYgRItPAKOc46Ok,38.263803599999996,-85.67016860000001,"3805 BROWNSBORO RD, INDIAN HILLS, KY 40207",69,"gas station, convenience store"
Hemptopia,"1901 RUDY LN #2, LOUISVILLE, KY 40207, USA",ChIJZaKhfGB1aYgRXfYoCE3ofUU,38.27988930000001,-85.63875999999999,"1901 RUDY LN, LOUISVILLE, KY 40207",69,cbd
Luckett Tobaccos Inc,"2000 WARRINGTON WAY # 163, LOUISVILLE, KY 40222, USA",ChIJcVDhM6Z1aYgReMlEYiBM91g,38.2808778,-85.6325561,"209 E MAIN ST, SUITE 200, 40202",52,tobacco
Speedway,"1415 LYNDON LN, LOUISVILLE, KY 40222, USA",ChIJVRorunB1aYgRB6VYdTFgm_g,38.270970399999996,-85.6137821,"1415 LYNDON LN, GRAYMOOR/DEVONDALE, KY 40222",65,"gas station, convenience store"
Kroger Fuel Center,"4946 US-42, LOUISVILLE, KY 40222, USA",ChIJn2Zq6qV1aYgR-IiL3PllXro,38.2839745,-85.6320132,"4946 U S HIGHWAY 42, NORTHFIELD, KY 40222",55,gas station
Kroger Liquor Store,"2227 HOLIDAY MANOR CENTER, LOUISVILLE, KY 40222, USA",ChIJHdVida11aYgRBMuHU6ubTmg,38.283705999999995,-85.63042399999999,"2219 HOLIDAY MANOR CTR, NORTHFIELD, KY 40222",71,liquor store
CVS Pharmacy,"2311 LIME KILN CT, LOUISVILLE, KY 40222, USA",ChIJD0Fb3BN1aYgRZJM4yc39l_Y,38.2844599,-85.627833,"2121 CRUMS LN, SHIVELY, KY 40216",60,pharmacy
CVS,"2311 LIME KILN CT, LOUISVILLE, KY 40222, USA",ChIJV2YLj6N1aYgRT1CcwONiLyw,38.284635699999995,-85.62768539999999,"2121 CRUMS LN, SHIVELY, KY 40216",60,pharmacy
Anne Steele Linden Office,"2325 LIME KILN LN, LOUISVILLE, KY 40222, USA",ChIJ_yRGdKR1aYgRDiGGXrhDMi8,38.2856022,-85.6271495,"2420 LIME KILN LN, NORTHFIELD, KY 40222",70,pharmacy
CVS Photo,"2311 LIME KILN CT, LOUISVILLE, KY 40222, USA",ChIJF3c6j6N1aYgRD9OzrvfNsBM,38.284635699999995,-85.62768539999999,"2121 CRUMS LN, SHIVELY, KY 40216",60,pharmacy
Closets by Design - Louisville,"1301 HERR LN SUITE 105, LOUISVILLE, KY 40222, USA",ChIJR7C_DXB1aYgRwx-GFRJM5tc,38.2682084,-85.61327059999999,"1115 HERR LN, 140, ST MATTHEWS, KY 40222",68,cbd
Valvoline Instant Oil Change,"8701 WESTPORT RD, GRAYMOOR-DEVONDALE, KY 40222, USA",ChIJp6f2BzKeaYgRLfA-yI2hiPk,38.2808894,-85.5920525,"1415 LYNDON LN, GRAYMOOR/DEVONDALE, KY 40222",67,convenience store
Omnicare,"9960 CORPORATE CAMPUS DR, LOUISVILLE, KY 40223, USA",ChIJBRSXm6-faYgRCJkZKrZjZak,38.2651921,-85.5694082,"5930 COOPER CHAPEL RD, LOUISVILLE, KY 40229",54,pharmacy
St. Matthews Community Pharmacy,"200 N HURSTBOURNE PKWY STE 174, LOUISVILLE, KY 40222, USA",ChIJaV_kWdt0aYgRZZ0v9uJXyF0,38.249730299999996,-85.5801704,"1330 S HURSTBOURNE PKY, HURSTBOURNE, KY 40222",71,pharmacy
Pharmacy Alternatives,"805 N WHITTINGTON PKWY, LOUISVILLE, KY 40223, USA",ChIJP9pQXsCfaYgRH4fwlsAGeXA,38.257484399999996,-85.58344699999999,"7519 MT WASHINGTON RD, UNIT, 40229",57,pharmacy
PharMerica Corporation,"805 N WHITTINGTON PKWY, LOUISVILLE, KY 40222, USA",ChIJfUfMQuyhaYgRuKLyfP-Ud6U,38.2574464,-85.5833952,"7519 MT WASHINGTON RD, UNIT, 40229",57,pharmacy
M. Joseph Medical,"11900 BRINLEY AVE # 200, LOUISVILLE, KY 40243, USA",ChIJ0ara_kafaYgRFakhnBC_TL8,38.2499926,-85.53299539999999,"2200 BUECHEL AVE, 101, LOUISVILLE, KY 40218",57,pharmacy
Kroger Fuel Center,"13003 FACTORY LN, LOUISVILLE, KY 40245, USA",ChIJBQ5RrjCZaYgRlWanKriVgNg,38.2886355,-85.50991400000001,"13003 FACTORY LN, FUEL, LOUISVILLE, KY 40245",70,"gas station, convenience store"
Thorntons Store Support Center,"2600 JAMES THORNTON WY, LOUISVILLE, KY 40245, USA",ChIJW3CMFxyZaYgRHrmj6Xe3Q3o,38.275603,-85.4939639,"2803 PATTI LN, JEFFERSONTOWN, KY 40299",53,"gas station, convenience store"
Baskin-Robbins,"12418 LA GRANGE RD SUITE #155, LOUISVILLE, KY 40245, USA",ChIJlVUx5DmZaYgRFXnZ9Myaphs,38.2895866,-85.5094037,"12418 LA GRANGE RD, LOUISVILLE, KY 40245",69,convenience store
Onco360 Oncology Pharmacy,"13410 EASTPOINT CENTRE DR, LOUISVILLE, KY 40223, USA",ChIJk_YsW-yhaYgR6VydjC--tnU,38.280094,-85.50908,"4131 TOWNE CENTER DR, LOUISVILLE, KY 40241",54,pharmacy
Accredo Health Services,"2115 STANLEY GAULT PKWY # 150, LOUISVILLE, KY 40223, USA",ChIJ2Y7SVdaYaYgRAZDjmQ1Cufs,38.2706753,-85.51258539999999,"1025 W BROADWAY, LOUISVILLE, KY 40203",53,pharmacy
Norton Specialty Pharmacy,"2700 STANLEY GAULT PKWY SUITE 103, LOUISVILLE, KY 40223, USA",ChIJlz258ZaZaYgRyeuYEoPcKuE,38.276381099999995,-85.51805569999999,"209 E MAIN ST, SUITE 200, 40202",59,pharmacy
ConnectMed360,"13410 EASTPOINT CENTRE DR SUITE 150, LOUISVILLE, KY 40223, USA",ChIJ1wHsrmyZaYgRgZYDZJU9YWE,38.280094,-85.50908,"209 E MAIN ST, SUITE 200, 40202",60,pharmacy
Neil Medical Group,"13040 EASTGATE PARK WAY, LOUISVILLE, KY 40223, USA",ChIJq6rqzLmYaYgR3AqfiEEmLxU,38.2492351,-85.5088372,"3401 W MARKET ST, LOUISVILLE, KY 40212",52,pharmacy
BluePearl Pet Hospital,"13160 MAGISTERIAL DR, LOUISVILLE, KY 40223, USA",ChIJM1lLj9mYaYgRIU1LU-4zDX8,38.2679481,-85.50805,"10511 FISCHER PARK DR, 40241",57,pharmacy
Preferred Medical Network,"2400 BUSH RIDGE DR, LOUISVILLE, KY 40245, USA",ChIJ0b8_nK2YaYgR07I837txWoQ,38.272303,-85.48876659999999,"14010 SHELBYVILLE RD, 40245",56,pharmacy
Shalia Botanicals,"1920 STANLEY GAULT PKWY, LOUISVILLE, KY 40223, USA",ChIJh4wk8VyZaYgRWagd6PPxvnQ,38.2673044,-85.51158439999999,"1207 GILMORE LN, LYNNVIEW, KY 40213",58,cbd
My Botanical Boutique,"3120 COLLINS LN, LOUISVILLE, KY 40245, USA",ChIJK3w-ThiZaYgRv0UfSdFJ16k,38.2888753,-85.5157947,"12908 FACTORY LN, LOUISVILLE, KY 40245",60,cbd
Crossfit Bluegrass,"13005 MIDDLETOWN INDUSTRIAL BLVD, LOUISVILLE, KY 40223, USA",ChIJrx16YseYaYgRHTm0-K7hoZA,38.2513923,-85.5123182,"3030 TAYLOR BLVD, LOUISVILLE, KY 40208",57,cbd
The Phancy Pharmer,"3515 WOODMONT PARK LN, LOUISVILLE, KY 40245, USA",ChIJLZh6E6eZaYgR-CWgn5CUeW4,38.2859017,-85.4773915,"4835 POPLAR LEVEL RD, 109, WATTERSON PARK, KY 40213",51,pharmacy
Broadway Food Mart,"4134 W BROADWAY, LOUISVILLE, KY 40211, USA",ChIJ0XB3-85saYgRC3GU7uqAyCM,38.2500656,-85.8209504,"4132 W BROADWAY, LOUISVILLE, KY 40211",71,"gas station, convenience store"
Family Dollar,"3417 W BROADWAY, LOUISVILLE, KY 40211, USA",ChIJ1xg-Mi1taYgRtwLKdbglujA,38.2503217,-85.8094184,"3410 W BROADWAY, LOUISVILLE, KY 40211",71,convenience store
Vermont Liquors,"509 S 34TH ST, LOUISVILLE, KY 40211, USA",ChIJOe6CaCdtaYgRawNxPHgL5oM,38.2561811,-85.8071293,"520 N 35TH ST, LOUISVILLE, KY 40212",62,liquor store
Tony's Convenient Mart,"2532 W BROADWAY, LOUISVILLE, KY 40211, USA",ChIJzRVKBzFtaYgRj-Cql7yu6rA,38.2491711,-85.7947647,"2324 W BROADWAY, LOUISVILLE, KY 40211",71,"gas station, convenience store"
The Little Store,"1144 S 26TH ST, LOUISVILLE, KY 40210, USA",ChIJwfVYdc0SaYgRuLKQz5cAyoI,38.2388962,-85.7962051,"118 S 26TH ST, LOUISVILLE, KY 40212",64,convenience store
Lucy Mae's Food Mart & Kitchen,"2300 W KENTUCKY ST SUITE 1, LOUISVILLE, KY 40210, USA",ChIJ20BiIcxtaYgR3Izv2kSq6b8,38.2421669,-85.79200449999999,"2127 W KENTUCKY ST, LOUISVILLE, KY 40210",69,convenience store
Market Liquor,"11AM- 2A, SUN 1PM-1AM, 2800 W MARKET ST, LOUISVILLE, KY 40212, USA",ChIJezs62jxtaYgR0UAja6qwXak,38.259568,-85.79666,"2800 W MARKET ST, LOUISVILLE, KY 40212",56,liquor store
Specialized Pharmaceutical Inc,"2225 W BROADWAY, LOUISVILLE, KY 40211, USA",ChIJnfCasjdtaYgRRJm1h2JUoMg,38.2495256,-85.7893732,"2324 W BROADWAY, LOUISVILLE, KY 40211",68,pharmacy
Genoa Healthcare,"2225 W BROADWAY 1ST FLOOR, LOUISVILLE, KY 40211, USA",ChIJK_2erDdtaYgRBzT-nD289Dc,38.2495371,-85.7894482,"2324 W BROADWAY, LOUISVILLE, KY 40211",67,pharmacy
Theater Square Wine and Spirits,"651 B, S 4TH ST, LOUISVILLE, KY 40202, USA",ChIJU5kBR65yaYgRY_V2mDQ9SW8,38.2471708,-85.7577874,"531 S 4TH ST, LOUISVILLE, KY 40202",69,liquor store
Waterfront Bourbon Wine & Spirits,"ENTRANCE ON FLOYD, 222 E WITHERSPOON ST, LOUISVILLE, KY 40202, USA",ChIJw75SHr9yaYgRO_eaIu26Fe8,38.25733880000001,-85.7477468,"209 E MAIN ST, SUITE 200, 40202",55,liquor store
Justins' House of Bourbon,"101 W MARKET ST, LOUISVILLE, KY 40202, USA",ChIJYcNaNa1zaYgRwf9dxSkgCfo,38.2548722,-85.7518855,"1631 W MARKET ST, LOUISVILLE, KY 40203",67,liquor store
BottleShopAndTastingRoom,"207 S PRESTON ST, LOUISVILLE, KY 40202, USA",ChIJlzb4QQBzaYgRigiiYFuxYVU,38.2536279,-85.74593449999999,"339 S PRESTON ST, LOUISVILLE, KY 40202",66,liquor store
Norton Pharmacy - Downtown,"200 E CHESTNUT ST LEVEL 2, LOUISVILLE, KY 40202, USA",ChIJ97Io1rZyaYgR620FQyNtXeg,38.248024400000006,-85.75104189999999,"312 W CHESTNUT ST, LOUISVILLE, KY 40202",71,pharmacy
University of Louisville Outpatient Pharmacy,"550 S JACKSON ST, LOUISVILLE, KY 40202, USA",ChIJq_Q5GilzaYgRjf2upYfeCtE,38.2483019,-85.74566519999999,"566 S 5TH ST, LOUISVILLE, KY 40202",59,pharmacy
U of L Health Pharmacy,"200 ABRAHAM FLEXNER WAY, LOUISVILLE, KY 40202, USA",ChIJNTTWUQBzaYgRipk60w7rrt0,38.2492273,-85.7511432,"100 W BROADWAY, LOUISVILLE, KY 40202",57,pharmacy
Medical Towers Pharmacy,"MEDICAL TOWERS SOUTH, 234 E GRAY ST, LOUISVILLE, KY 40202, USA",ChIJLVv8w7ZyaYgRayLQdsYu6o0,38.2465871,-85.7498959,"314 WALLACE AVE, ST MATTHEWS, KY 40207",58,pharmacy
CVS Pharmacy,"400 E BROADWAY, LOUISVILLE, KY 40202, USA",ChIJr4koa1hzaYgRpwvaTVD6Qws,38.245011,-85.7474197,"100 W BROADWAY, LOUISVILLE, KY 40202",70,pharmacy
Community Pharmacy,"532 S 4TH ST, LOUISVILLE, KY 40202, USA",ChIJieVQjq9yaYgRFLmzZjHstdM,38.2501369,-85.7579792,"531 S 4TH ST, LOUISVILLE, KY 40202",68,pharmacy
E Fill RX Pharmacy #1,"100 E LIBERTY ST, LOUISVILLE, KY 40202, USA",ChIJV48fJbpyaYgRhDXcDUvkK_U,38.252249299999995,-85.7518429,"200 E MARKET ST, LOUISVILLE, KY 40202",67,pharmacy
CVS,"400 E BROADWAY, LOUISVILLE, KY 40202, USA",ChIJBbbsMQBzaYgRk5y1_nqdnp0,38.245011,-85.7474197,"100 W BROADWAY, LOUISVILLE, KY 40202",70,pharmacy
Aluvalife Rx,"812 S 3RD ST, LOUISVILLE, KY 40203, USA",ChIJfSVxQ6lyaYgRcvPaCrYG7uo,38.243677999999996,-85.757558,"519 S 3RD ST, LOUISVILLE, KY 40202",60,pharmacy
Pharmaron,"201 E JEFFERSON ST # 304, LOUISVILLE, KY 40202, USA",ChIJB-4fc7lyaYgRjZaipTkyFpc,38.2532432,-85.7502537,"2360 STONY BROOK DR, JEFFERSONTOWN, KY 40220",63,pharmacy
Genoa Healthcare,"708 W MAGAZINE ST #101, LOUISVILLE, KY 40203, USA",ChIJD-g-XEFzaYgRurLHZdXcYEw,38.2479059,-85.76405199999999,"1901 W MAIN ST, LOUISVILLE, KY 40203",66,pharmacy
CVS Photo,"400 E BROADWAY, LOUISVILLE, KY 40202, USA",ChIJpUk7JTJzaYgRKaRo-44ocCs,38.245011,-85.7474197,"100 W BROADWAY, LOUISVILLE, KY 40202",70,pharmacy
Norton Children's Infusion Pharmacy - Novak Center,"411 E CHESTNUT ST SUITE 497, LOUISVILLE, KY 40202, USA",ChIJO9RezeJzaYgRy--j3kqjdrY,38.2485807,-85.7464055,"2600 W CHESTNUT ST, LOUISVILLE, KY 40211",59,pharmacy
Louisville Online Vape & CBD Store,"500 W JEFFERSON ST 30TH FL-STE 3007, LOUISVILLE, KY 40202, USA",ChIJnwn65B9zaYgRaFNCHwjpHpU,38.253757799999995,-85.7592147,"1407 W JEFFERSON ST, LOUISVILLE, KY 40203",60,"vape, cbd"
"Green Remedy, Inc.","1000 ZANE ST, LOUISVILLE, KY 40210, USA",ChIJa843F91NaIgRsdisJGsa740,38.2385108,-85.76994859999999,"209 E MAIN ST, SUITE 200, 40202",55,cbd
Smoke N Snacks Mini Mart,"1029 US-150, LOUISVILLE, KY 40204, USA",ChIJTSvDY39zaYgRAhlcJrsgoWA,38.2397371,-85.72316889999999,"1029 S 26TH ST, LOUISVILLE, KY 40210",51,"tobacco, convenience store"
ATM,"1605 STORY AVE, LOUISVILLE, KY 40206, USA",ChIJsdyqlSVzaYgRKpikSBPM9Qk,38.2591896,-85.7213373,"1035 ZORN AVE, LOUISVILLE, KY 40207",60,convenience store
Taste Fine Wines and Bourbons,"634 E MARKET ST, LOUISVILLE, KY 40202, USA",ChIJmQYCol5zaYgRJzvzXFR_Vdo,38.253287199999995,-85.7405198,"434 W MARKET ST, BLDG, LOUISVILLE, KY 40202",66,liquor store
Akasha Brewing Company,"909 E MARKET ST #700, LOUISVILLE, KY 40206, USA",ChIJdbjUL9tyaYgROlppA6jlgbY,38.253440399999995,-85.7356504,"720 E MARKET ST, LOUISVILLE, KY 40202",67,liquor store
Lode,"1001 E WASHINGTON ST, LOUISVILLE, KY 40206, USA",ChIJC3EvUGdzaYgRCg0U0_xKrnI,38.2551084,-85.7334324,"7519 MT WASHINGTON RD, UNIT, 40229",59,liquor store
Avita Pharmacy 1081,"1101 E WASHINGTON ST SUITE A, LOUISVILLE, KY 40206, USA",ChIJv8E7DYVzaYgRqNr_59ifIR0,38.2565074,-85.73069509999999,"7519 MT WASHINGTON RD, UNIT, 40229",64,pharmacy
Village Pharmacy,"1100 E MARKET ST, LOUISVILLE, KY 40206, USA",ChIJ6zvgNNpyaYgR90ncru6gTpE,38.252269,-85.731886,"200 E MARKET ST, LOUISVILLE, KY 40202",67,pharmacy
Family Health Centers - East Broadway,"834 E BROADWAY, LOUISVILLE, KY 40204, USA",ChIJ2Rs27c1yaYgRs8jaht15CwA,38.2443236,-85.7378035,"801 W BROADWAY, LOUISVILLE, KY 40202",63,pharmacy
Genoa Healthcare,"914 E BROADWAY SUITE 100-P, LOUISVILLE, KY 40204, USA",ChIJ24XKz-pzaYgR4DsF-8k8tmU,38.2433767,-85.73627909999999,"200 E BROADWAY, LOUISVILLE, KY 40202",70,pharmacy
King Vape Smoke Shop,"1707 MELLWOOD AVE, LOUISVILLE, KY 40206, USA",ChIJvTm85AtzaYgRs-dyBFYSmuQ,38.2580587,-85.7193556,"1500 MELLWOOD AVE, LOUISVILLE, KY 40206",70,vape
Bourbon Country Cannabis - Nulu,"819 E MARKET ST SUITE 101, LOUISVILLE, KY 40206, USA",ChIJ29Z7V9pzaYgRPJYdL5Rpl-c,38.2532569,-85.7371598,"819 E MARKET ST, 101, LOUISVILLE, KY 40206",71,"vape, cbd"
STEEL & LEAF LLC,"943 E MADISON ST, LOUISVILLE, KY 40204, USA",ChIJyQYaMdByaYgRKgNFl9NhS8c,38.2476931,-85.7350459,"542 E LAMPTON ST, BLDG, 40203",61,"vape, cbd"
Dollar General,"2106 BROWNSBORO RD, N CLIFTON AVE, LOUISVILLE, KY 40206, USA",ChIJp7038T9zaYgRnZ5PNlRXyD4,38.2583921,-85.7054678,"2106 BROWNSBORO RD, LOUISVILLE, KY 40206",71,convenience store
The Wine Rack,"2632 FRANKFORT AVE, LOUISVILLE, KY 40206, USA",ChIJt-TzrFxzaYgR8a36I3CEjas,38.25427,-85.69470799999999,"2347 FRANKFORT AVE, LOUISVILLE, KY 40206",71,liquor store
The Shop: Craft Beer Bar + Bottle Shop,"2708 FRANKFORT AVE, LOUISVILLE, KY 40206, USA",ChIJv69_pRZzaYgRzLQnD-HUOY0,38.2543113,-85.6935022,"2347 FRANKFORT AVE, LOUISVILLE, KY 40206",71,liquor store
Three Sisters,"2509 GRINSTEAD DR, LOUISVILLE, KY 40206, USA",ChIJA11VQh5zaYgRjWA_-gTaU7c,38.2445946,-85.7034807,"209 E MAIN ST, SUITE 200, 40202",58,cbd
Chief Car,"139 N SHERRIN AVE, ST MATTHEWS, KY 40207, USA",ChIJg1zsVAB1aYgRnq1F-Bs6xBk,38.2551944,-85.64975,"1035 ZORN AVE, LOUISVILLE, KY 40207",64,tobacco
St Matthews Mini Mart,"316 WALLACE AVE, ST MATTHEWS, KY 40207, USA",ChIJ0ZyedsR0aYgR_trIE1x7Gl0,38.252004299999996,-85.6575852,"314 WALLACE AVE, ST MATTHEWS, KY 40207",70,"gas station, convenience store"
Kroger Liquor Store,"291 N HUBBARDS LN SUITE B49, LOUISVILLE, KY 40207, USA",ChIJu5D5Fxd1aYgRXSfjgvjOYRM,38.2580514,-85.6378512,"296 N HUBBARDS LN, ST MATTHEWS, KY 40207",70,liquor store
Kroger,"291 N HUBBARDS LN #130, ST MATTHEWS, KY 40207, USA",ChIJgYoaKhl1aYgRRd3hZ3SQqUk,38.25834,-85.6367981,"291 N HUBBARDS LN, 130GROCERY, ST MATTHEWS, KY 40207",71,"liquor store, pharmacy"
Kroger Pharmacy,"291 N HUBBARDS LN #130, ST MATTHEWS, KY 40207, USA",ChIJgYoaKhl1aYgRy1_OixpQhqo,38.258418899999995,-85.63676520000001,"291 N HUBBARDS LN, 130GROCERY, ST MATTHEWS, KY 40207",71,pharmacy
Walmart Pharmacy,"143 THIERMAN LN, ST MATTHEWS, KY 40207, USA",ChIJB_UhcN90aYgRSFFVXdsxNyo,38.253676899999995,-85.64421600000001,"1901 RUDY LN, LOUISVILLE, KY 40207",53,pharmacy
Walmart Neighborhood Market,"143 THIERMAN LN, ST MATTHEWS, KY 40207, USA",ChIJB_UhcN90aYgRLlxsztEST2M,38.2536774,-85.6442166,"1901 RUDY LN, LOUISVILLE, KY 40207",53,pharmacy
Trader Joe's Wine,"4600 SHELBYVILLE RD STE 112 STE 112, LOUISVILLE, KY 40207, USA",ChIJYccXbzt1aYgR1jqNRK10aiU,38.250067699999995,-85.6313239,"4500 SHELBYVILLE RD, ST MATTHEWS, KY 40207",67,liquor store
Bourbon Creek Louisville,"7900 SHELBYVILLE RD STE B05, LOUISVILLE, KY 40222, USA",ChIJn_wjnDZ1aYgRHvZU6-4Qf2Y,38.2470462,-85.60991659999999,"14010 SHELBYVILLE RD, 40245",71,liquor store
Prestige health,"8027 VINE CREST AVE, LYNDON, KY 40222, USA",ChIJeTZQ7xp1aYgRolWeIwUo51M,38.2612743,-85.6070822,"8062 NEW LAGRANGE RD, 40222",63,"pharmacy, vape, cbd"
Derb Ecigs,"9824 BLUEGRASS PKWY, JEFFERSONTOWN, KY 40299, USA",ChIJraouODCgaYgRVLtkyuLAVdQ,38.221486899999995,-85.5695922,"9260 SMYRNA PKY, BLDG, 40229",59,"tobacco, vape"
Chevron,"9401 WILLIAMSBURG PLAZA #201, LOUISVILLE, KY 40222, USA",ChIJhe8g0oyfaYgReQMuUYFXJRY,38.2409132,-85.5813865,"9409 SMYRNA PARKWAY, 40229",52,gas station
Liquor Barn,"1850 S HURSTBOURNE PKWY, LOUISVILLE, KY 40220, USA",ChIJTbhK-BagaYgRl7sS7CI3n3A,38.220482,-85.5824701,"1925 S HURSTBOURNE PKY, FOREST HILLS, KY 40220",71,liquor store
Kroger Liquor Store,"9812 1/2, LINN STATION RD, LOUISVILLE, KY 40223, USA",ChIJ6-V4qaGhaYgRaXxUIuck8QU,38.2258984,-85.576138,"9812 LINN STATION RD, JEFFERSONTOWN, KY 40223",71,liquor store
375 Park Avenue Spirits,"10101 LINN STATION RD, LOUISVILLE, KY 40223, USA",ChIJMWaT0NKhaYgR6Btky_gZHVo,38.2251117,-85.5696222,"9814 LINN STATION RD, JEFFERSONTOWN, KY 40223",60,liquor store
Pharm Leads,"9913 SHELBYVILLE RD SUITE 201-C, WILDWOOD, KY 40223, USA",ChIJVVWVm5CfaYgRz54LAvFaYZA,38.2473488,-85.57190349999999,"12501 SHELBYVILLE RD, SUITE FUEL, MIDDLETOWN, KY 40243",70,pharmacy
OPMH Project,"9825 BLUEGRASS PKWY, LOUISVILLE, KY 40299, USA",ChIJexcSJW-haYgRU1JPVMsZFcI,38.221468099999996,-85.56950710000001,"9260 SMYRNA PKY, BLDG, 40229",59,vape
CBD Hemp Wellness Farm,"2304 HURSTBOURNE VILLAGE DR SUITE 1000, LOUISVILLE, KY 40299, USA",ChIJFVuXcB-haYgR1AvC1r12e7U,38.215163700000005,-85.5792591,"3741 S HURSTBOURNE PKY, LOUISVILLE, KY 40299",65,cbd
Cox's Smokers Outlet Corporate Office,"11516 MAIN ST, MIDDLETOWN, KY 40243, USA",ChIJrdpHR2ifaYgRN9fTodmDfdQ,38.244371199999996,-85.54199659999999,"11517 SHELBYVILLE ROAD, 40243",60,tobacco
Marathon,"11550 BLUEGRASS PKWY, LOUISVILLE, JEFFERSONTOWN, KY 40299, USA",ChIJB7Nx_umhaYgR6q_v7VGMcdw,38.2165889,-85.5405109,"11550 BLUEGRASS PKY, JEFFERSONTOWN, KY 40299",68,"gas station, convenience store"
Sam's Club Gas Station,"1401 ALLIANT AVE, JEFFERSONTOWN, KY 40299, USA",ChIJkzQsqGShaYgRauqDin5Twc4,38.2228639,-85.53534540000001,"1401 LEXINGTON RD, LOUISVILLE, KY 40206",54,gas station
Key Oil,"10965 PLANTSIDE DR, JEFFERSONTOWN, KY 40299, USA",ChIJ4xinpbehaYgR6pMgayWE4Jo,38.2093407,-85.55274050000001,"10602 PROVIDENCE DR, LOUISVILLE, KY 40291",54,gas station
Marathon,"10921 PLANTSIDE DR, LOUISVILLE, KY 40299, USA",ChIJ7ZyhsrehaYgRRe9bIDyQ070,38.2095571,-85.5534187,"4129 FLINTLOCK DR, LOUISVILLE, KY 40216",56,gas station
Key Stone Fuel Station,"10921 PLANTSIDE DR, LOUISVILLE, KY 40299, USA",ChIJ-SGgTbahaYgR49l1ODD6pSw,38.2095485,-85.55351399999999,"4129 FLINTLOCK DR, LOUISVILLE, KY 40216",56,gas station
Sam's Club,"1401 ALLIANT AVE, JEFFERSONTOWN, KY 40299, USA",ChIJZftGmeWhaYgRiAH04lx6pHM,38.222685999999996,-85.53330199999999,"1401 LEXINGTON RD, LOUISVILLE, KY 40206",54,liquor store
Sam's Club Pharmacy,"1401 ALLIANT AVE, JEFFERSONTOWN, KY 40299, USA",ChIJZftGmeWhaYgRQQxogvE7chs,38.222690799999995,-85.53324570000001,"1401 LEXINGTON RD, LOUISVILLE, KY 40206",54,pharmacy
"PharMerica – Louisville, KY","12100 PLANTSIDE DR, JEFFERSONTOWN, KY 40299, USA",ChIJye0vtZKhaYgRSsesMaT4T30,38.210645899999996,-85.53148600000002,"209 E MAIN ST, SUITE 200, 40202",57,pharmacy
Option Care Health,"11403 BLUEGRASS PKWY #400, LOUISVILLE, KY 40299, USA",ChIJ7-v_VNuhaYgRyq0aQCfXqc4,38.2219176,-85.5458179,"11550 BLUEGRASS PKY, JEFFERSONTOWN, KY 40299",64,pharmacy
Chewy Pharmacy,"11403 BLUEGRASS PKWY, JEFFERSONTOWN, KY 40299, USA",ChIJIZPWkbyhaYgRYLt_X2HgBck,38.22200610000001,-85.5457021,"11550 BLUEGRASS PKY, JEFFERSONTOWN, KY 40299",68,pharmacy
Synchrony Rx@Home,"2703 CHESTNUT STATION COURT, LOUISVILLE, KY 40299, USA",ChIJKfbANjKhaYgRQfMWf7PEg9g,38.2076677,-85.53216479999999,"2600 W CHESTNUT ST, LOUISVILLE, KY 40211",59,pharmacy
Nutrishare,"11020 PLANTSIDE DR, LOUISVILLE, KY 40299, USA",ChIJvScUKrihaYgRmtb-RA4mQQU,38.2093816,-85.55107339999999,"209 E MAIN ST, SUITE 200, 40202",57,pharmacy
Pharmacy Alternatives LLC,"11401 BLUEGRASS PKWY, LOUISVILLE, KY 40299, USA",ChIJJ1wtxC-gaYgRrhOjAIp9Wl4,38.2211571,-85.5449057,"11550 BLUEGRASS PKY, JEFFERSONTOWN, KY 40299",68,pharmacy
Medical Care Pharmacy LLC,"11420 WATTERSON CT STE 600, LOUISVILLE, KY 40299, USA",ChIJEWQopsmhaYgRekQL78cqOpM,38.213910999999996,-85.55368930000002,"8300 WATTERSON TRL, LOUISVILLE, KY 40299",63,pharmacy
502 Hemp Wellness Center,"201 MOSER RD SUITE B, LOUISVILLE, KY 40223, USA",ChIJ5XdqRhGfaYgRSs5DY9YSYE8,38.2443436,-85.5591395,"209 E MAIN ST, SUITE 200, 40202",62,cbd
DZ Delta 8,"201 MOSER RD STE B, LOUISVILLE, KY 40223, USA",ChIJM56IcwmfaYgR4xTwY9Wt0rg,38.244355899999995,-85.558987,"201 MOSER RD, DOUGLASS HILLS, KY 40223",63,cbd
Medosi,"10368 BLUEGRASS PKWY, LOUISVILLE, KY 40299, USA",ChIJPXbCoBihaYgRykQ9ZiUPqZY,38.2222186,-85.5629123,"11550 BLUEGRASS PKY, JEFFERSONTOWN, KY 40299",65,cbd
CBD Bulk Sales | CBD Bulk Sales,"802 LILY CREEK RD, LOUISVILLE, KY 40243, USA",ChIJH0IGCuChaYgRKwiwvidpymw,38.230364,-85.53937409999999,"9905 LA GRANGE RD, LYNDON, KY 40223",61,cbd
CRUSHglobal,"2195 WATTERSON TRAIL, JEFFERSONTOWN, KY 40299, USA",ChIJY7JNzeGhaYgRo1i94xO3ToY,38.212908,-85.5579425,"10525 WATTERSON TRL, JEFFERSONTOWN, KY 40299",65,cbd
Neil Medical Group,"13040 EASTGATE PARK WAY, LOUISVILLE, KY 40223, USA",ChIJq6rqzLmYaYgR3AqfiEEmLxU,38.2492351,-85.5088372,"3401 W MARKET ST, LOUISVILLE, KY 40212",52,pharmacy
Animal Medical Center of Middletown,"111 HUNTINGTON RIDGE DR, LOUISVILLE, KY 40223, USA",ChIJvZkGMEyfaYgRtwz3U1vM4ZM,38.241013599999995,-85.5061853,"13401 SHELBYVILLE RD, 134, MIDDLETOWN, KY 40223",52,pharmacy
United States Postal Service,"16207 EASTWOOD CUT OFF RD, EASTWOOD, KY 40018, USA",ChIJZQ2HZQmYaYgRhLPORzOktso,38.2322041,-85.4523904,"4109 BARDSTOWN RD, 103, LOUISVILLE, KY 40218",50,convenience store
Marathon-Algonquin Pkwy,"4510 ALGONQUIN PKWY, LOUISVILLE, KY 40211, USA",ChIJpRyI7kcTaYgRTF7nh1t9_lY,38.2306098,-85.8293151,"703 ALGONQUIN PKY, LOUISVILLE, KY 40208",61,"gas station, convenience store"
Pacific Pride,"3500 BELLS LN, LOUISVILLE, KY 40211, USA",ChIJK5vldX4TaYgRrcGGeBzeSDo,38.2205065,-85.8157171,"2930 WILSON AVE, LOUISVILLE, KY 40211",56,"gas station, convenience store"
Inner Plant Systems,"3500 BELLS LN, LOUISVILLE, KY 40211, USA",ChIJc7EthxgTaYgRI7zggypexkw,38.2207747,-85.81521459999999,"2930 WILSON AVE, LOUISVILLE, KY 40211",56,gas station
Park Duvalle Community Health Center Inc,"3015 WILSON AVE, LOUISVILLE, KY 40211, USA",ChIJS_wPo9gSaYgRLEjI2Mv0GDI,38.227494,-85.80742029999999,"2930 WILSON AVE, LOUISVILLE, KY 40211",68,pharmacy
7th Street Food Mart,"2517 7TH STREET RD, LOUISVILLE, KY 40208, USA",ChIJzQg7vlgTaYgRb46YIVJDz9c,38.2143884,-85.78294240000001,"2105 7TH STREET RD, LOUISVILLE, KY 40208",71,convenience store
12th & Hill Mart,"1201 W HILL ST, LOUISVILLE, KY 40210, USA",ChIJm4VoHqUSaYgRDbevviKdzAI,38.227558099999996,-85.77528649999999,"1233 W HILL ST, LOUISVILLE, KY 40210",67,convenience store
Greenwood Grocery,"1636 W OAK ST, LOUISVILLE, KY 40210, USA",ChIJ1fPQhbYTaYgRIiXXduezd1g,38.236871,-85.7827222,"1631 W MARKET ST, LOUISVILLE, KY 40203",62,convenience store
Moie's,"1636 W OAK ST, LOUISVILLE, KY 40210, USA",ChIJUf-RErQSaYgRX_qJlBx3uq8,38.236955099999996,-85.7827421,"1631 W MARKET ST, LOUISVILLE, KY 40203",62,"convenience store, liquor store"
Anns Stop N Go Llc Mini mart,"1505 S 25TH ST, LOUISVILLE, KY 40210, USA",ChIJ82YXNsUSaYgRQcIfj4XS9a0,38.229651499999996,-85.7970527,"1029 S 26TH ST, LOUISVILLE, KY 40210",63,convenience store
Oakwood Liquor,"1502 W OAK ST, LOUISVILLE, KY 40210, USA",ChIJLRGyPrISaYgRJ3jwpQ_r_HA,38.236586599999995,-85.7790175,"1500 W OAK ST, LOUISVILLE, KY 40210",69,liquor store
Stop N Go Smokes & Liquor,"427 WARNOCK ST, LOUISVILLE, KY 40217, USA",ChIJRSyKV2kNaYgR3umXQr16CUA,38.2145808,-85.75122859999999,"796 EASTERN PKY, LOUISVILLE, KY 40217",51,"tobacco, convenience store, liquor store, vape"
Blaze Smoke Shop,"2221 CRITTENDEN DR, LOUISVILLE, KY 40217, USA",ChIJE_lv0PUNaYgRmYnEm8Ukb3E,38.2145996,-85.7507722,"2704 CRITTENDEN DR, LOUISVILLE, KY 40209",61,"tobacco, vape"
Blaze Smoke Shop,"2221 CRITTENDEN DR, LOUISVILLE, KY 40217, USA",ChIJxVxwWwANaYgR_mThJzrt3bs,38.214604,-85.7507562,"2704 CRITTENDEN DR, LOUISVILLE, KY 40209",61,tobacco
Elevated 502,"1157 S 2ND ST, LOUISVILLE, KY 40203, USA",ChIJS6eKlW4LaYgRfpwYkR6Wkhk,38.234929099999995,-85.756821,"1397 S 2ND ST, LOUISVILLE, KY 40208",62,"tobacco, convenience store, vape"
Abraha Food & Tobacco Mart,"1101 S 2ND ST, LOUISVILLE, KY 40203, USA",ChIJ2aNneFINaYgRQUYZmjxtbtU,38.236880299999996,-85.7563054,"1397 S 2ND ST, LOUISVILLE, KY 40208",58,"tobacco, convenience store"
24/7 Stop & Go,"427 WARNOCK ST, LOUISVILLE, KY 40217, USA",ChIJV9aUWWkNaYgR_nZS5Spslac,38.2144815,-85.7513108,"796 EASTERN PKY, LOUISVILLE, KY 40217",51,convenience store
Urban Express Mini Mart,"207 W ORMSBY AVE, LOUISVILLE, KY 40203, USA",ChIJFx4ptlENaYgRruOQRvoER7w,38.232703,-85.75769319999999,"3420 FRANKFORT AVE, ST MATTHEWS, KY 40207",56,convenience store
Cardinal Health,"411 INDUSTRY RD, LOUISVILLE, KY 40208, USA",ChIJHcLLf0ANaYgRojSrwiiWijc,38.2153518,-85.765872,"4154 BARDSTOWN RD, LOUISVILLE, KY 40218",52,pharmacy
Organic Cures,"329 W OAK ST, LOUISVILLE, KY 40208, USA",ChIJPUrHCwwNaYgR5HDixTw3PuA,38.235099,-85.7599504,"325 W MAIN ST, LOUISVILLE, KY 40202",59,cbd
Liquor World,"2403 S SHELBY ST, LOUISVILLE, KY 40217, USA",ChIJYbw_EhQNaYgR86G3c85NKYs,38.2140954,-85.741841,"1506 S SHELBY ST, LOUISVILLE, KY 40217",66,liquor store
The Breeze Wine & Coffee,"1247 S SHELBY ST, LOUISVILLE, KY 40203, USA",ChIJPfoURxUNaYgRmcvHCfMdyAY,38.2315993,-85.7416464,"901 S SHELBY ST, LOUISVILLE, KY 40203",60,liquor store
Norton Pharmacy - Audubon,"NORTON MEDICAL PLAZA WEST, 2355 POPLAR LEVEL RD FIRST FLOOR, LOUISVILLE, KY 40217, USA",ChIJA9Aebc4NaYgRzqWCGn2tKi0,38.2152709,-85.7227951,"1422 POPLAR LEVEL RD, LOUISVILLE, KY 40217",54,pharmacy
Medical Arts Pharmacy,"1169 EASTERN PKWY STE 1110, LOUISVILLE, KY 40217, USA",ChIJh5GcSWwNaYgRBD-ly_vQ8y4,38.225865299999995,-85.72551659999999,"796 EASTERN PKY, LOUISVILLE, KY 40217",57,pharmacy
Cap'n Dave's Wellness,"1105 MILTON ST, LOUISVILLE, KY 40217, USA",ChIJXUMnjHLpaIgR9l69cpEYc5g,38.223534099999995,-85.73779019999999,"1805 W OAK ST, LOUISVILLE, KY 40210",57,cbd
Flourish Health and Wellness,"1001 LOGAN ST, LOUISVILLE, KY 40204, USA",ChIJCx7PgKMNaYgRl5-DW-BhQFo,38.235641699999995,-85.73943489999999,"1004 E OAK ST, LOUISVILLE, KY 40204",62,cbd
Vines Wine Bar & Spirit Shop,"1985 DOUGLASS BLVD, LOUISVILLE, KY 40205, USA",ChIJU7e-HiNzaYgRbpguNG5hSxE,38.2244806,-85.69448059999999,"1871 BERRY BLVD, LOUISVILLE, KY 40215",54,liquor store
"William D. Antle, R","2200 DUNDEE RD, LOUISVILLE, KY 40205, USA",ChIJeVmo0KQMaYgRFFm6bpSe0T0,38.2243868,-85.6941454,"2204 HEATHER LN, 40218",54,pharmacy
Leaf of Faith Wellness Dispensary,"2000 BARINGER AVE, LOUISVILLE, KY 40204, USA",ChIJWX30_-0NaYgRJKhIR8sDF5s,38.232777299999995,-85.71033419999999,"209 E MAIN ST, SUITE 200, 40202",62,cbd
Dollar General,"2817 DEL RIO PL, LOUISVILLE, KY 40220, USA",ChIJgSEb8BcLaYgRZaENL_-RLoU,38.214709400000004,-85.65484599999999,"2817 DEL RIO PL, 101, LOUISVILLE, KY 40220",70,convenience store
Baptist Health Louisville Pharmacy,"4000 KRESGE WAY, ST MATTHEWS, KY 40207, USA",ChIJ0158dyt1aYgRTNk-vJ7EPxM,38.237242599999995,-85.6387925,"10986 DIXIE HWY, 40272",52,pharmacy
Lamore Van E,"4001 KRESGE WAY STE 330, ST MATTHEWS, KY 40207, USA",ChIJG0H_iit1aYgRMa0hm2CvSyo,38.2391665,-85.64062129999999,"314 WALLACE AVE, ST MATTHEWS, KY 40207",55,pharmacy
Baptist Health Louisville,"4000 KRESGE WAY, LOUISVILLE, KY 40207, USA",ChIJ45iRbCt1aYgR2rLx5u8dvQI,38.2379186,-85.639138,"10986 DIXIE HWY, 40272",52,pharmacy
Gould's Discount Medical,"3901 DUTCHMANS LN #100, LOUISVILLE, KY 40207, USA",ChIJR2UCG9MKaYgR9HEWrwCBsT8,38.2338635,-85.63626579999999,"4013 DUTCHMANS LN, ST MATTHEWS, KY 40207",65,pharmacy
Norton Pharmacy - St. Matthews,"4001 DUTCHMANS LN LEVEL 1, LOUISVILLE, KY 40207, USA",ChIJA1hY2tILaYgRsargF2qWp5w,38.235403399999996,-85.6322778,"4013 DUTCHMANS LN, ST MATTHEWS, KY 40207",67,pharmacy
PCA South East,"4040 DUTCHMANS LN # A, LOUISVILLE, KY 40207, USA",ChIJ1bie1cwKaYgR1cIirZRGMAY,38.23455020000001,-85.6306362,"4120 DUTCHMANS LN, ST MATTHEWS, KY 40207",67,pharmacy
Louisville Compounding Pharmacy,"3930 DUPONT CIR APT 1, LOUISVILLE, KY 40207, USA",ChIJQQb7gtIKaYgR7qdLiAM7i9I,38.2313416,-85.6322744,"1029 BARDSTOWN RD, UNIT A, 40204",56,"pharmacy, cbd"
Art Jacob Prescription Shoppe,"4036 DUTCHMANS LN SUITE 2, LOUISVILLE, KY 40207, USA",ChIJLxy58c0KaYgRPB1nuTWglEk,38.2342996,-85.63108129999999,"4120 DUTCHMANS LN, ST MATTHEWS, KY 40207",70,pharmacy
Marathon-Kramers Ln,"3920 KRAMERS LN, SHIVELY, KY 40216, USA",ChIJt0XOGn4TaYgR8C2GeuPOIBg,38.2058256,-85.8480486,"2204 HEATHER LN, 40218",67,gas station
Safari International Grocery Store,"1900 CRUMS LN, LOUISVILLE, KY 40216, USA",ChIJLT_r-t0TaYgR7dWf2vYZ1nY,38.1926485,-85.80941109999999,"2800 CRUMS LN, SHIVELY, KY 40216",69,convenience store
Mid-Nite Liquors,"3200 RALPH AVE, LOUISVILLE, KY 40216, USA",ChIJP6rlTgwTaYgRItb_6sthGQ4,38.2079139,-85.8247454,"2204 HEATHER LN, 40218",59,liquor store
Qol Meds,"1512 CRUMS LN, LOUISVILLE, KY 40216, USA",ChIJaaMvk00SaYgRm2KxMueq5H0,38.189175899999995,-85.80497539999999,"2121 CRUMS LN, SHIVELY, KY 40216",69,pharmacy
Genoa Healthcare,"2105 CRUMS LN, LOUISVILLE, KY 40216, USA",ChIJ3xVkv1QTaYgR7wcqKfMmq_E,38.1944928,-85.81104979999999,"2800 CRUMS LN, SHIVELY, KY 40216",69,pharmacy
Ali 3 smoke shop,"1842 BERRY BLVD, LOUISVILLE, KY 40215, USA",ChIJUWCISsUTaYgRgbmoiLvRTSY,38.1964283,-85.79827019999999,"1842 BERRY BLVD, 101, LOUISVILLE, KY 40215",70,"tobacco, vape"
Pb Gas Station,"S 7TH ST, LOUISVILLE, KY 40216, USA",ChIJOWKJnFcSaYgRtdfM6pXSxRg,38.1970686,-85.7982012,"3632 S 7TH STREET RD, BLDG, 40216",62,"gas station, convenience store"
Uptown Liquor,"2823 S 7TH ST, LOUISVILLE, KY 40215, USA",ChIJCd0xVo0SaYgR0IFMHxu4aEo,38.2095651,-85.7867861,"2823 7TH STREET RD, LOUISVILLE, KY 40215",67,liquor store
Kroger Fuel Center,"3137 S 3RD ST, LOUISVILLE, KY 40208, USA",ChIJJYFUTHkNaYgR4CPGlb_nLv8,38.2037723,-85.7636976,"3137 S 3RD ST, LOUISVILLE, KY 40214",65,gas station
Thorntons,"4500 S 3RD ST, LOUISVILLE, KY 40214, USA",ChIJm7gqwIcNaYgRiPsf3XKs9No,38.1888989,-85.7656322,"4450 S 3RD ST, LOUISVILLE, KY 40214",69,"gas station, convenience store"
Wagner's Pharmacy,"3113 S 4TH ST, LOUISVILLE, KY 40214, USA",ChIJi2yW630NaYgRq_DKETdiook,38.2045247,-85.7655079,"3632 S 7TH STREET RD, BLDG, 40216",60,pharmacy
Bluegrass Healthcare Management Group,"4226 ALLMOND AVE, LOUISVILLE, KY 40209, USA",ChIJT2E5f4MNaYgRVIVhsWC3Vd8,38.1931143,-85.75917199999999,"542 E LAMPTON ST, BLDG, 40203",57,pharmacy
Dollar Tree,"2929 PRESTON HWY, LOUISVILLE, KY 40217, USA",ChIJS1A8Lz8NaYgRoDU8xFnz_hU,38.2072679,-85.73728679999999,"2911 PRESTON HWY, LOUISVILLE, KY 40217",69,convenience store
ALDI,"3442 PRESTON HWY, LOUISVILLE, KY 40213, USA",ChIJt8_fKKoNaYgRoJukjvbQiOw,38.194908,-85.7308932,"3210 PRESTON HWY, LOUISVILLE, KY 40213",69,convenience store
Liquor Island,"2703 PRESTON HWY, LOUISVILLE, KY 40217, USA",ChIJ85qhbRENaYgRz_jvhBRD72k,38.2112621,-85.7399212,"2703 PRESTON HWY, PARKWAY VILLAGE, KY 40217",70,"convenience store, liquor store"
DashMart LOU-1,"4350 ROBARDS LN SUITE B, LOUISVILLE, KY 40218, USA",ChIJee6p0BYNaYgRrH-Q7uOwx0M,38.195851,-85.6923757,"4950 TERRY RD, UNIT B, 40216",65,convenience store
AutoZone Auto Parts,"#4025, LOUISVILLE, KY 40213, USA",ChIJvfOgO_ENaYgRpQ4Vs6CC6JQ,38.201263999999995,-85.707241,"4638 DIXIE, 40216",46,convenience store
New Vitalis Pharmacy,"4139 CADILLAC CT STE 201, LOUISVILLE, KY 40213, USA",ChIJv2NBk4sMaYgRkm7CrI-jz6M,38.2002811,-85.701351,"2701 S 4TH ST, LOUISVILLE, KY 40208",54,pharmacy
Hemp Vaping Adventure & smoke shop,"2140 OLD SHEPHERDSVILLE RD, LOUISVILLE, KY 40218, USA",ChIJM9Zt0ZYLaYgR_-3IVfSBjSE,38.197811099999996,-85.6611276,"7002 SHEPHERDSVILLE RD, LOUISVILLE, KY 40219",70,"tobacco, vape"
Costco Gas Station,"3408 BARDSTOWN RD, LOUISVILLE, KY 40218, USA",ChIJ9WW6iHELaYgRHqu9LUJ-hSc,38.2051259,-85.66685369999999,"3300 BARDSTOWN RD, LOUISVILLE, KY 40218",70,gas station
Kroger Fuel Center,"2000 HIKES LN, LOUISVILLE, KY 40218, USA",ChIJQYRe2QoLaYgRLN-8R-7xNPc,38.196906,-85.6626618,"2000 HIKES LN, WEST BUECHEL, KY 40218",70,gas station
Envios a Cuba,"3804 SHEPHERDSVILLE RD, LOUISVILLE, KY 40218, USA",ChIJJ6hgOgALaYgRlAk7wIwMljA,38.1965759,-85.6620902,"6804 SHEPHERDSVILLE RD, LOUISVILLE, KY 40219",66,convenience store
Costco Louisville Liquor Sale,"3408 BARDSTOWN RD, LOUISVILLE, KY 40218, USA",ChIJvZzvh3ELaYgRSkuAem4KZx0,38.203935,-85.6689052,"3300 BARDSTOWN RD, LOUISVILLE, KY 40218",70,liquor store
Walgreens Pharmacy,"2021 HIKES LN, LOUISVILLE, KY 40218, USA",ChIJWSNLDQsLaYgRVxjiEFnT1jQ,38.1984158,-85.6620217,"2021 HIKES LN, WEST BUECHEL, KY 40218",70,pharmacy
CVS Pharmacy,"3600 MALL RD, LOUISVILLE, KY 40218, USA",ChIJE4fL63YLaYgROFMV-4T6Uds,38.198292599999995,-85.67125899999999,"3303 NEWBURG RD, 40218",62,pharmacy
Costco Pharmacy,"3408 BARDSTOWN RD, LOUISVILLE, KY 40218, USA",ChIJw9AEh3ELaYgRrj5T7SPEb5U,38.2032187,-85.66946399999999,"3300 BARDSTOWN RD, LOUISVILLE, KY 40218",70,pharmacy
Omnicare Inc.,"4400 OLE BRICKYARD CIR, LOUISVILLE, KY 40218, USA",ChIJDzZX5YALaYgRSJzaJTGVwgo,38.1919287,-85.68263739999999,"4700 BARDSTOWN RD, LOUISVILLE, KY 40218",58,pharmacy
Walgreens,"2021 HIKES LN, LOUISVILLE, KY 40218, USA",ChIJwTQkDQsLaYgRWYqZK8DtsdI,38.1984364,-85.6620444,"2021 HIKES LN, WEST BUECHEL, KY 40218",70,pharmacy
Target,"3600 MALL RD, LOUISVILLE, KY 40218, USA",ChIJE4fL63YLaYgRIsVbYY4gXCs,38.198292599999995,-85.67125899999999,"3303 NEWBURG RD, 40218",62,pharmacy
Sullivan University's College of Pharmacy & Health Sciences,"2100 GARDINER LN, LOUISVILLE, KY 40205, USA",ChIJU8b4_mULaYgRBssYVctxO64,38.2110147,-85.67428319999999,"2204 HEATHER LN, 40218",60,pharmacy
Center for Health & Wellness at Sullivan University College of Pharmacy and Health Sciences,"2100 GARDINER LN, LOUISVILLE, KY 40205, USA",ChIJFztxp6MLaYgRZO8P8eCTNFE,38.2105329,-85.6739315,"2204 HEATHER LN, 40218",60,pharmacy
COVID-19 Drive-Thru Testing at Walgreens,"2021 HIKES LN, LOUISVILLE, KY 40218, USA",ChIJ7U0tVToLaYgRVY97WNUAxAo,38.198364399999996,-85.66203,"2021 HIKES LN, WEST BUECHEL, KY 40218",70,pharmacy
Propane Refill at U-Haul,"4128 BARDSTOWN RD, LOUISVILLE, KY 40218, USA",ChIJO9XOloQLaYgRmuky7M5ZyqA,38.1903417,-85.64559729999999,"4780 BARDSTOWN RD, LOUISVILLE, KY 40218",70,gas station
AutoZone Auto Parts,"2231 HIKES LN, LOUISVILLE, KY 40218, USA",ChIJqwyh_gsLaYgR36-tUsVh6tA,38.2007779,-85.6596268,"2204 HEATHER LN, 40218",70,gas station
Wash N Shine,"2911 HIKES LN, LOUISVILLE, KY 40218, USA",ChIJaUMIleEKaYgRCPdvzrtTnAc,38.2107685,-85.64206519999999,"2249 HIKES LN, LOUISVILLE, KY 40218",65,gas station
Chocolate And Nut Kingdom,"3731 BARDSTOWN RD, LOUISVILLE, KY 40218, USA",ChIJyYmMU-gLaYgRWD-OB5gUwmw,38.197476699999996,-85.65650529999999,"3300 BARDSTOWN RD, LOUISVILLE, KY 40218",70,gas station
Rescue Rangers Towing & Roadside Services,"2026 OLD SHEPHERDSVILLE RD, LOUISVILLE, KY 40218, USA",ChIJia7kXgoLaYgRObP8N3ltNQk,38.1934213,-85.6602803,"7002 SHEPHERDSVILLE RD, LOUISVILLE, KY 40219",70,gas station
Dollar General,"2817 DEL RIO PL, LOUISVILLE, KY 40220, USA",ChIJgSEb8BcLaYgRZaENL_-RLoU,38.214709400000004,-85.65484599999999,"2817 DEL RIO PL, 101, LOUISVILLE, KY 40220",70,convenience store
Dollar Tree,"2221 HIKES LN, LOUISVILLE, KY 40218, USA",ChIJL3e1-AsLaYgRqUX-m5aY4p0,38.200511399999996,-85.65994420000001,"2204 HEATHER LN, 40218",70,convenience store
Public Storage,"3818 BARDSTOWN RD, LOUISVILLE, KY 40218, USA",ChIJ-QLAxVkLaYgRZkNFfqAVfVA,38.1958152,-85.65453289999999,"1029 BARDSTOWN RD, UNIT A, 40204",68,convenience store
Monarca Mexican Grocery,"2259 HIKES LN, LOUISVILLE, KY 40218, USA",ChIJU42_DtYLaYgRc67NPwhOLhs,38.2011867,-85.658532,"2204 HEATHER LN, 40218",70,convenience store
Bh International Market Inc.,"3914 BARDSTOWN RD #101, LOUISVILLE, KY 40218, USA",ChIJBQwBjgcLaYgRF34xTlZE3RA,38.19460600000001,-85.65236399999999,"3327 NW BARDSTOWN RD RD, SUITE 102, 40218",70,liquor store
LIFEWELL RX PHARMACY,"2200 BUECHEL AVE, LOUISVILLE, KY 40218, USA",ChIJcy2l5aoLaYgRcqEOjfrXkyo,38.191781999999996,-85.6452137,"2200 BUECHEL AVE, 101, LOUISVILLE, KY 40218",71,pharmacy
Cox's Spirit Shoppe and Smoker's Outlet J-Town,"2803 PATTI LN, LOUISVILLE, KY 40299, USA",ChIJS9ov9kKgaYgRRtC-lsC7nfU,38.204496999999996,-85.5801175,"2803 PATTI LN, JEFFERSONTOWN, KY 40299",69,"tobacco, liquor store, vape"
Cox's Spirit Shoppe,"3920 RUCKRIEGEL PKWY, LOUISVILLE, KY 40299, USA",ChIJk0InnPigaYgRCLOvHyARWqs,38.1906221,-85.5680945,"3920 RUCKRIEGEL PKY, 106, JEFFERSONTOWN, KY 40299",69,"tobacco, liquor store"
Circle K,"9003 GALENE DR, LOUISVILLE, KY 40299, USA",ChIJy4XL-mSgaYgRirAmA1sJwjk,38.1986802,-85.59161209999999,"9003 GALENE DR, JEFFERSONTOWN, KY 40299",70,"gas station, convenience store"
Aaa Food Mart,"GLEESON LN, JEFFERSONTOWN, KY 40299, USA",ChIJU319iWmgaYgRNS37IYOHiFw,38.206922,-85.5833585,"2803 PATTI LN, JEFFERSONTOWN, KY 40299",54,convenience store
Dollar General,"9101 GALENE DR, JEFFERSONTOWN, KY 40299, USA",ChIJV1SHNnugaYgRuY3xl1dw-0w,38.199312,-85.59006959999999,"9101 GALENE DR, JEFFERSONTOWN, KY 40299",70,convenience store
Walmart JEFFERSONTOWN #5183 Wine & Spirits,"3800 RUCKRIEGEL PKWY, JEFFERSONTOWN, KY 40299, USA",ChIJ6wvvBH6haYgRTLYBUmAD6a4,38.189418599999996,-85.56403329999999,"3751 RUCKRIEGEL PARKWAY PARK, UNIT A, 40299",69,liquor store
Walmart Pharmacy,"3800 RUCKRIEGEL PKWY, JEFFERSONTOWN, KY 40299, USA",ChIJnVl0Df-gaYgRF9utB0mTrug,38.1896931,-85.5642456,"3751 RUCKRIEGEL PARKWAY PARK, UNIT A, 40299",69,pharmacy
RxAlternatives,"9813 MERIONETH DR, LOUISVILLE, KY 40299, USA",ChIJy9VEBUOgaYgRTNFE7bW-sl0,38.2046695,-85.5760554,"9101 GALENE DR, JEFFERSONTOWN, KY 40299",57,pharmacy
Southern Glazers Wine & Spirits,"2801 CONSTANT COMMENT PL, LOUISVILLE, KY 40299, USA",ChIJU3X7_pChaYgRYE9cO90HDOA,38.2040809,-85.534274,"2803 PATTI LN, JEFFERSONTOWN, KY 40299",55,liquor store
Republic National Distributing,"2801 BLANKENBAKER PKWY, LOUISVILLE, KY 40299, USA",ChIJR-O78dWYaYgRcFXTiYF0iV8,38.2013621,-85.5357952,"1804 BLANKENBAKER PKY, JEFFERSONTOWN, KY 40299",69,liquor store
Synchrony Pharmacy - Louisville,"2701 CHESTNUT STATION COURT, LOUISVILLE, KY 40299, USA",ChIJ0RHpT5GhaYgRS6nxcahnCqY,38.207401999999995,-85.53220019999999,"2600 W CHESTNUT ST, LOUISVILLE, KY 40211",59,pharmacy
Synchrony Rx@Home,"2703 CHESTNUT STATION COURT, LOUISVILLE, KY 40299, USA",ChIJKfbANjKhaYgRQfMWf7PEg9g,38.2076677,-85.53216479999999,"2600 W CHESTNUT ST, LOUISVILLE, KY 40211",59,pharmacy
Chewy Pharmacy,"2815 WATTERSON TRAIL, LOUISVILLE, KY 40299, USA",ChIJhRenfR2haYgRxWYD_4jGdsU,38.2033035,-85.5591367,"10525 WATTERSON TRL, JEFFERSONTOWN, KY 40299",65,pharmacy
"MAGNA Pharmaceuticals, Inc.","10801 ELECTRON DR, LOUISVILLE, KY 40299, USA",ChIJFUtKPbKhaYgR9IwAZi-S6XA,38.202011399999996,-85.557581,"10602 PROVIDENCE DR, LOUISVILLE, KY 40291",55,pharmacy
"CRST The Transportation Solution, Inc.","2903 S ENGLISH STATION RD, LOUISVILLE, KY 40299, USA",ChIJKWz0vYmjaYgRy6HClQXwgvw,38.1954225,-85.4731102,"2803 PATTI LN, JEFFERSONTOWN, KY 40299",54,gas station
"CRST The Transportation Solution, Inc.","3003 S ENGLISH STATION RD, LOUISVILLE, KY 40299, USA",ChIJd2ZvW2SjaYgRpyt68nyyrPk,38.194586,-85.470198,"3632 S 7TH STREET RD, BLDG, 40216",55,gas station
Kroger Fuel Center,"4915C DIXIE HWY, LOUISVILLE, KY 40216, USA",ChIJjXvU9-cTaYgRDatuglOzy1M,38.1680652,-85.8281135,"4048 E DIXIE HWY, BLDG, 40216",71,"gas station, convenience store"
Rockford Plaza,"4734 ROCKFORD PLAZA, LOUISVILLE, KY 40216, USA",ChIJMW6KKsATaYgRQlRqU59ZO4U,38.1767085,-85.8279305,"4752 ROCKFORD PLZ, SHIVELY, KY 40216",71,"convenience store, liquor store"
Distillery District Marketplace,"LOUISVILLE INTERNATIONAL AIRPORT, 600 TERMINAL DR, LOUISVILLE, KY 40209, USA",ChIJrzZVf7wNaYgRZgL7S-F1cwc,38.1838644,-85.74098339999999,"6900 BARDSTOWN RD, LOUISVILLE, KY 40291",62,liquor store
Quick Fuel,"3700 BISHOP LN, LOUISVILLE, KY 40218, USA",ChIJPzSjXW8MaYgRDHpYDgUwYpM,38.1847875,-85.698804,"4308 BISHOP LN, BLDG, 40218",67,"gas station, convenience store"
Maha Mart,"1306 GILMORE LN, LOUISVILLE, KY 40213, USA",ChIJAQD01WsMaYgR9BnJDMa_hnE,38.180330999999995,-85.7025331,"1207 GILMORE LN, LYNNVIEW, KY 40213",70,convenience store
Save A Lot,"5747 PRESTON HWY, LOUISVILLE, KY 40219, USA",ChIJF9b1zRcMaYgRV7IZlmXsKoA,38.167030700000005,-85.70195079999999,"7701 PRESTON HWY, LOUISVILLE, KY 40219",69,convenience store
Oriental Supermarket,"1211 GILMORE LN, LOUISVILLE, KY 40213, USA",ChIJHzSmYUcMaYgRRh6pnmivxnU,38.1757318,-85.71180160000002,"1207 GILMORE LN, LYNNVIEW, KY 40213",70,convenience store
Dollar Tree,"5713 PRESTON HWY, LOUISVILLE, KY 40219, USA",ChIJdQhm0hcMaYgRWR_-Nl1IRH0,38.1673069,-85.7018889,"7303 PRESTON HWY, LOUISVILLE, KY 40219",69,convenience store
"Varitech, Inc.","4647 PINEWOOD RD, LOUISVILLE, KY 40218, USA",ChIJJ5Ru0noMaYgR4R8UO46pC9M,38.185331999999995,-85.69093409999999,"3303 NEWBURG RD, 40218",56,pharmacy
Feeders Pet Supply,"5763 PRESTON HWY, LOUISVILLE, KY 40219, USA",ChIJm9CjnxcMaYgR5vgJtzZ_yNw,38.1656382,-85.7017236,"7303 PRESTON HWY, LOUISVILLE, KY 40219",69,cbd
Quick Fuel Fleet Services,"3939 PRODUCE RD #3, LOUISVILLE, KY 40218, USA",ChIJ5eQZEncMaYgRtCDkk0Goh0k,38.183296,-85.68785,"3303 NEWBURG RD, 40218",64,gas station
A&M Oil Company Inc.,"4630 JENNINGS LN, LOUISVILLE, KY 40218, USA",ChIJiwr0IHkMaYgR2zFrWsrFhPY,38.189129799999996,-85.6868844,"4308 BISHOP LN, BLDG, 40218",64,gas station
KabaFusion,"5694 SHEPHERDSVILLE RD, LOUISVILLE, KY 40218, USA",ChIJU1RaccMLaYgRUMnJ4TDh42M,38.1650018,-85.6620348,"6714 SHEPHERDSVILLE RD, LOUISVILLE, KY 40228",71,pharmacy
Owens & Minor Distribution Inc,"6201 GLOBAL DISTRIBUTION WY # 101, LOUISVILLE, KY 40228, USA",ChIJGd2GQjMKaYgRWZmLvyYoaH0,38.1666181,-85.6421962,"3201 KRISTIN WAY, LOUISVILLE, KY 40216",55,pharmacy
Marathon Gas,"7520 DISTRIBUTION DR, LOUISVILLE, KY 40258, USA",ChIJdShpoXwWaYgRlkd6BVs3Wik,38.1499056,-85.89552789999999,"7500 TERRY RD, LOUISVILLE, KY 40258",54,"gas station, convenience store"
G.M Food Mart,"6602 TERRY RD, LOUISVILLE, KY 40258, USA",ChIJR2ML56EWaYgRGTMua_gb3KA,38.155726,-85.8686464,"4950 TERRY RD, UNIT A, 40216",62,convenience store
Terry Convenient Store,"6600 TERRY RD, LOUISVILLE, KY 40258, USA",ChIJa4dO56EWaYgRTkH-tzl5sEc,38.155754,-85.868752,"7500 TERRY RD, LOUISVILLE, KY 40258",65,convenience store
Saffire Vapor,"6661 DIXIE HWY #2, LOUISVILLE, KY 40258, USA",ChIJk26VY1kRaYgRj5MLMk9tUvI,38.153486,-85.8350475,"6661 DIXIE HWY, LOUISVILLE, KY 40258",71,"tobacco, vape, cbd"
Scooter's Coffee,"9060 DIXIE HWY, LOUISVILLE, KY 40258, USA",ChIJMzu8njoXaYgRwm0TxiBR65U,38.1240881,-85.8537592,"9050 DIXIE HWY, LOUISVILLE, KY 40258",70,convenience store
Kentucky Pharmacy,"2233 LOWER HUNTERS TRACE, LOUISVILLE, KY 40216, USA",ChIJS9WRU5QTaYgRoAtuWc3wV5U,38.1597839,-85.85008309999999,"1939 LOWER HUNTERS TRCE, LOUISVILLE, KY 40216",71,pharmacy
Walgreens,"GREENWOOD RD, LOUISVILLE, KY 40258, USA",ChIJvYXvagARaYgRjP0QJe6MGO8,38.144317099999995,-85.8405774,"5207 GREENWOOD RD, LOUISVILLE, KY 40258",65,pharmacy
Magic Vapes Hemp,"132 OUTER LOOP #100, LOUISVILLE, KY 40214, USA",ChIJ5zBg2rkRaYgRhwyh7sCiyK4,38.1265855,-85.7903522,"132 OUTER LOOP, LOUISVILLE, KY 40214",69,"tobacco, vape"
Dollar Tree,"5532 NEW CUT RD, LOUISVILLE, KY 40214, USA",ChIJWWRMPeURaYgRGDOmT-EkDlk,38.142944899999996,-85.7758174,"5533 NEW CUT RD, LOUISVILLE, KY 40214",71,"gas station, convenience store"
Mister G's Car Wash,"5213 NEW CUT RD, LOUISVILLE, KY 40214, USA",ChIJ6ejZ6hwSaYgRmeH7As-7sQ8,38.1603826,-85.7783061,"5105 NEW CUT RD, LOUISVILLE, KY 40214",68,gas station
ChargePoint Charging Station,"KNOLL GATE RD, LOUISVILLE, KY 40214, USA",ChIJU5RGgRsSaYgRehdi7wEsjCo,38.1621411,-85.779781,"4136 CANE RUN RD, LOUISVILLE, KY 40216",58,gas station
Walmart Pharmacy,"175 OUTER LOOP, LOUISVILLE, KY 40214, USA",ChIJc42bUMQRaYgRLOeV7Mqi64E,38.129082,-85.77994009999999,"185 OUTER LOOP, LOUISVILLE, KY 40214",70,pharmacy
Walmart Supercenter,"175 OUTER LOOP, LOUISVILLE, KY 40214, USA",ChIJc42bUMQRaYgRxdDBdje8HAI,38.128753599999996,-85.7800979,"185 OUTER LOOP, LOUISVILLE, KY 40214",70,pharmacy
Pick And Pump 5,"8404 NATIONAL TURNPIKE, LOUISVILLE, KY 40214, USA",ChIJPx1kOzkOaYgRgv6UmmtaaSA,38.1281785,-85.7494605,"8405 NATIONAL TPKE, LOUISVILLE, KY 40214",70,"gas station, convenience store"
Clean N' Green Fuel,"7501 GRADE LN, LOUISVILLE, KY 40219, USA",ChIJbQAKGmgOaYgRcNaQP1BAAL4,38.1341363,-85.7337574,"4950 TERRY RD, UNIT A, 40216",58,gas station
DEF for work trucks THORNTONS,"8311 NATIONAL TURNPIKE, LOUISVILLE, KY 40214, USA",ChIJg-2f5s4PaYgRqGA-Sn3wrcM,38.1282701,-85.74882699999999,"8405 NATIONAL TPKE, LOUISVILLE, KY 40214",64,gas station
Alrasoul Food Mart,"7141 SOUTHSIDE DR, LOUISVILLE, KY 40214, USA",ChIJN4aW_AEOaYgR88E5zVNrhXQ,38.151213399999996,-85.7663513,"7136 SOUTHSIDE DR, LOUISVILLE, KY 40214",70,convenience store
Ks Deli Food Mart,"5600 NATIONAL TURNPIKE # 1, LOUISVILLE, KY 40214, USA",ChIJBZQviwMOaYgRiBBgdzeO5AU,38.1492249,-85.76155829999999,"5600 NATIONAL TPKE, LOUISVILLE, KY 40214",71,convenience store
EL REY MARKET,"7600 NATIONAL TURNPIKE, LOUISVILLE, KY 40214, USA",ChIJX7jxLhcOaYgRZm-mBM-om6s,38.1392744,-85.7543178,"5600 NATIONAL TPKE, LOUISVILLE, KY 40214",70,convenience store
Kuhl's Beer Depot & Eats,"7302 GRADE LN, LOUISVILLE, KY 40219, USA",ChIJuejbHm4OaYgRIHhWS_AFJBE,38.1441284,-85.7388142,"8062 NEW LAGRANGE RD, 40222",58,"convenience store, liquor store"
Dairy Queen Grill & Chill,"5516 NATIONAL TURNPIKE, LOUISVILLE, KY 40214, USA",ChIJwZHVlQEOaYgRcGmrF4KrBCQ,38.151687599999995,-85.7650065,"5600 NATIONAL TPKE, LOUISVILLE, KY 40214",67,convenience store
Extra Space Storage,"8601 NATIONAL TURNPIKE, FAIRDALE, KY 40118, USA",ChIJP6KMTjgOaYgRy3rxCnjC0jw,38.125684899999996,-85.74804139999999,"8701 NATIONAL TPKE, LOUISVILLE, KY 40118",70,convenience store
JEKE Liquors,"8206 NATIONAL TURNPIKE A, LOUISVILLE, KY 40214, USA",ChIJowzTBXMPaYgRmEjFcmlKdeA,38.1305099,-85.7508376,"8405 NATIONAL TPKE, LOUISVILLE, KY 40214",68,liquor store
Medvantx Specialty Pharmacy,"1860 OUTER LOOP, HERITAGE CREEK, KY 40219, USA",ChIJ7z52B0UOaYgRHs8JeVFpqbE,38.1269488,-85.73598369999999,"185 OUTER LOOP, LOUISVILLE, KY 40214",65,pharmacy
Popular Smoke and Vape,"7702 PRESTON HWY STE C, LOUISVILLE, KY 40219, USA",ChIJb1lBwmEPaYgRqjr20EXcMio,38.1401451,-85.68822809999999,"7702 PRESTON HWY, LOUISVILLE, KY 40219",69,"tobacco, vape"
RaceTrac,"800 AIR COMMERCE DR, LOUISVILLE, KY 40219, USA",ChIJP4-LzkcPaYgR2I32jgZGAmo,38.133606,-85.71972900000002,"8000 BLUE LICK RD, LOUISVILLE, KY 40219",52,"tobacco, gas station, convenience store"
Family Dollar,"TARGET CENTER, 7100 PRESTON HWY, LOUISVILLE, KY 40219, USA",ChIJh2pauqgOaYgRxt1cAmgv434,38.1491092,-85.69458,"7100 PRESTON HWY, LOUISVILLE, KY 40219",61,convenience store
Heine Brothers Coffee - Outer Loop,"3541 OUTER LOOP, LOUISVILLE, KY 40219, USA",ChIJoUwjRcYPaYgRAAp705Ss8iw,38.136969,-85.69538419999999,"185 OUTER LOOP, LOUISVILLE, KY 40214",62,convenience store
McDonald's,"2800 OUTER LOOP, LOUISVILLE, KY 40219, USA",ChIJq6LfopMOaYgRYblNbDs8uL8,38.1362929,-85.7120249,"185 OUTER LOOP, LOUISVILLE, KY 40214",62,convenience store
Public Storage,"6651 PARAMOUNT PARK DR, LOUISVILLE, KY 40213, USA",ChIJVVcVHcCeaYgRV9iJUZuye98,38.152708,-85.7131464,"10511 FISCHER PARK DR, 40241",51,convenience store
RX Crossroads,"5101 AIR COMMERCE DR, LOUISVILLE, KY 40218, USA",ChIJq6qqqrsLaYgR_VrJVsAxYVI,38.127623799999995,-85.7160078,"3501 3501 COLLEGE DR DR, 40299",55,pharmacy
CVS,"4101 OUTER LOOP, LOUISVILLE, KY 40219, USA",ChIJAab6ou0JaYgRKZM0qWeeWbw,38.1388356,-85.6862226,"4310 OUTER LOOP, LOUISVILLE, KY 40219",71,"convenience store, pharmacy"
CVS Pharmacy,"4101 OUTER LOOP, LOUISVILLE, KY 40219, USA",ChIJ32UarU0JaYgRid90pVI6kME,38.1388356,-85.6862226,"4310 OUTER LOOP, LOUISVILLE, KY 40219",71,pharmacy
Walmart Pharmacy,"4840 OUTER LOOP, LOUISVILLE, KY 40219, USA",ChIJsfAhMUQJaYgRAYh5K-UVLTY,38.1357145,-85.67187369999999,"4900 OUTER LOOP, LOUISVILLE, KY 40219",68,pharmacy
St. Matthews Pharmacy,"5724 OUTER LOOP, LOUISVILLE, KY 40219, USA",ChIJ76TeBnsJaYgRa0XSgdY2UZc,38.1376963,-85.6539446,"5702 OUTER LOOP, LOUISVILLE, KY 40219",71,pharmacy
RxCrossroads by McKesson,"5101 JEFF COMMERCE DR, LOUISVILLE, KY 40219, USA",ChIJ6ewkX-ILaYgRjnKQ8sJSjxk,38.1538551,-85.6707335,"3501 3501 COLLEGE DR DR, 40299",54,pharmacy
CVS Pharmacy,"7311 JEFFERSON BLVD, LOUISVILLE, KY 40219, USA",ChIJJ5gRaFoJaYgR2LSXj-wUYkM,38.1460158,-85.6731897,"9101 GALENE DR, JEFFERSONTOWN, KY 40299",61,pharmacy
"John W. Reed Jr, R","7311 JEFFERSON BLVD, LOUISVILLE, KY 40219, USA",ChIJJ5gRaFoJaYgRwGeK6KCPSFY,38.145726599999996,-85.67307360000001,"9101 GALENE DR, JEFFERSONTOWN, KY 40299",61,pharmacy
Walmart Supercenter,"4840 OUTER LOOP, LOUISVILLE, KY 40219, USA",ChIJzedEhUYJaYgRnq_uj2oHQNY,38.1360205,-85.6718654,"4900 OUTER LOOP, LOUISVILLE, KY 40219",68,pharmacy
GNC,"4801/B-412 OUTER LOOP, LOUISVILLE, KY 40219, USA",ChIJAab6ou0JaYgRAVdEJPw48kc,38.141936699999995,-85.67128,"4120 OUTER LOOP, LOUISVILLE, KY 40219",71,pharmacy
Target,"7311 JEFFERSON BLVD, LOUISVILLE, KY 40219, USA",ChIJJ5gRaFoJaYgRPuJumZT1Wqs,38.1460158,-85.6731897,"9101 GALENE DR, JEFFERSONTOWN, KY 40299",61,pharmacy
KabaFusion,"5694 SHEPHERDSVILLE RD, LOUISVILLE, KY 40218, USA",ChIJU1RaccMLaYgRUMnJ4TDh42M,38.1650018,-85.6620348,"6714 SHEPHERDSVILLE RD, LOUISVILLE, KY 40228",71,pharmacy
CVS Photo,"4101 OUTER LOOP, LOUISVILLE, KY 40219, USA",ChIJDZu4rU0JaYgR0hI2RDnbdmY,38.1388356,-85.6862226,"4310 OUTER LOOP, LOUISVILLE, KY 40219",71,pharmacy
Liquor Palace,"6752 BARDSTOWN RD #3048, LOUISVILLE, KY 40291, USA",ChIJdV3sqkynaYgR8nqApz4rTVI,38.148209,-85.5878594,"6752 BARDSTOWN RD, LOUISVILLE, KY 40291",71,liquor store
Frocken Hemp,"9100 FERN CREEK RD #91731, LOUISVILLE, KY 40291, USA",ChIJ___v-rGgaYgRbbgqW25bJdU,38.1555149,-85.5915563,"9101 GALENE DR, JEFFERSONTOWN, KY 40299",57,cbd
A-Plus Shacklette's Computer Repair,"11519 SHAFFER FARMS LN, LOUISVILLE, KY 40291, USA",ChIJKxMW-7OhaYgR1rls4eyeyT4,38.1490572,-85.5578567,"2121 CRUMS LN, SHIVELY, KY 40216",62,convenience store
Kentucky Gold CBD,"5906 CHENOWETH RUN RD, LOUISVILLE, KY 40299, USA",ChIJk43fVuunaYgRovCR8CNXm1U,38.1594006,-85.5399975,"4350 CANE RUN RD,",65,cbd
C & J Deer Processing & Taxidermy Service,"6820 OLD HEADY RD, LOUISVILLE, KY 40299, USA",ChIJh-ig4IWkaYgR_lA_qRSfOho,38.1359674,-85.4741323,"6620 BARDSTOWN RD, LOUISVILLE, KY 40291",60,convenience store
Dollar Tree,"SHOPPING CENTER, 10309 DIXIE HWY, LOUISVILLE, KY 40272, USA",ChIJ5947QD0XaYgR1IU40cN8y28,38.1047703,-85.8671918,"10986 DIXIE HWY, 40272",66,convenience store
Responsible Cannabis Use,"5405 ANGUS CT #4, LOUISVILLE, KY 40272, USA",ChIJ0wFPwucXaYgRjt2M0Jz50jM,38.1025731,-85.8631214,"540 E GRAY ST, LOUISVILLE, KY 40202",52,cbd
Qol Meds,"9702 STONESTREET RD, LOUISVILLE, KY 40272, USA",ChIJN3jZG9cQaYgRfJfRbBhoDkc,38.112955,-85.8405449,"9240 WESPORT RD, 40242",65,pharmacy
Circle K,"404 MT HOLLY RD, FAIRDALE, KY 40118, USA",ChIJ53PPZ9APaYgRaZXqrEJcc7M,38.104278,-85.75838399999999,"404 MOUNT HOLLY RD, LOUISVILLE, KY 40118",71,"gas station, convenience store"
Marathon,"404 MT HOLLY RD, FAIRDALE, KY 40118, USA",ChIJ0T_mZ9APaYgRmwCzcGugJZA,38.104337,-85.758369,"404 MOUNT HOLLY RD, LOUISVILLE, KY 40118",71,"gas station, convenience store"
Dollar General,"10608 W MANSLICK RD, LOUISVILLE, KY 40272, USA",ChIJ60F9ttYPaYgRr6OFFNeR8aQ,38.1073132,-85.76187829999999,"10608 W MANSLICK RD, LOUISVILLE, KY 40118",69,convenience store
Family Dollar,"503 MT HOLLY RD, FAIRDALE, KY 40118, USA",ChIJ2xHUgscPaYgRD1wiSWj1T3c,38.1039405,-85.7562835,"503 MOUNT HOLLY RD, LOUISVILLE, KY 40118",71,convenience store
Bannon Woods Veterinary Hospital,"11116 DEZERN AVE, FAIRDALE, KY 40118, USA",ChIJhfwpIpUPaYgRXoZhv8XfEck,38.0899272,-85.7463205,"1101 FAIRDALE RD, UNIT A, 40118",63,pharmacy
UofL Health,"1001 CHERI WAY, HOLLYVILLA, KY 40118, USA",ChIJRfCKQgAPaYgRdnY9pyiNiX4,38.118863499999996,-85.74280739999999,"10511 FISCHER PARK DR, 40241",60,pharmacy
Silver Heights Exotic Smoke House,"9316 BLUE LICK RD, OKOLONA, KY 40229, USA",ChIJOVGDYSUPaYgRa5_XIED4xjw,38.113551099999995,-85.6907798,"9316 BLUE LICK RD, SUITE, LOUISVILLE, KY 40229",70,"tobacco, vape"
Smoke Town,"5016 MUD LN, LOUISVILLE, KY 40229, USA",ChIJJVC3dSUJaYgRK66t1fdMD98,38.0914856,-85.669679,"5001 MUD LN, LOUISVILLE, KY 40229",67,"tobacco, vape, cbd"
Stoker's,"5201 INTERCHANGE WAY, LOUISVILLE, KY 40229, USA",ChIJHXElN8kIaYgRVkJU4Iqn15k,38.0943556,-85.6779171,"8062 NEW LAGRANGE RD, 40222",54,tobacco
National Tobacco Company,"5201 INTERCHANGE WAY, LOUISVILLE, KY 40229, USA",ChIJHXElN8kIaYgR73QYVYFGGvY,38.0943556,-85.6779171,"8062 NEW LAGRANGE RD, 40222",54,tobacco
Circle K,"5035 MUD LN, LOUISVILLE, KY 40229, USA",ChIJU8XGxsYIaYgRKJqQNMsbVVY,38.093161900000005,-85.6702773,"5035 MUD LN, LOUISVILLE, KY 40229",71,"gas station, convenience store"
Kroger Fuel Center,"5001 MUD LN, LOUISVILLE, KY 40229, USA",ChIJH0LxI78IaYgRed2k8AGwDXI,38.0884877,-85.67055049999999,"5001 MUD LN, LOUISVILLE, KY 40229",71,"gas station, convenience store"
Dollar General Market,"11400 PRESTON HWY, LOUISVILLE, KY 40229, USA",ChIJIRZIOrwIaYgRU7OQhD9CahU,38.083424099999995,-85.67020989999999,"10515 PRESTON HWY, LOUISVILLE, KY 40229",67,convenience store
CVS,"5121 ANTLE DR, LOUISVILLE, KY 40229, USA",ChIJEeeVR78IaYgRYOf7dupLzu0,38.0880437,-85.6685928,"5400 ANTLE DR, LOUISVILLE, KY 40229",62,"convenience store, pharmacy"
Valvoline Instant Oil Change,"11810 ANTONIA WAY, LOUISVILLE, KY 40229, USA",ChIJqYop1sYIaYgRpOkm0hX9OeI,38.0919076,-85.66957049999999,"10986 DIXIE HWY, 40272",55,convenience store
Dollar Tree,"5023 MUD LN #100, LOUISVILLE, KY 40229, USA",ChIJS9FzHscIaYgRlni1u51espo,38.091934599999995,-85.671818,"5016 MUD LN, 102, LOUISVILLE, KY 40229",64,convenience store
Liquor Town,"5016 MUD LN, LOUISVILLE, KY 40229, USA",ChIJrSewL8cIaYgR3ii_q23D7G0,38.0914652,-85.6698572,"5001 MUD LN, LOUISVILLE, KY 40229",67,liquor store
Liquor Sky,"11489 PRESTON HWY, LOUISVILLE, KY 40229, USA",ChIJ0zzkZ8QIaYgRmgp7StRy8hA,38.0835106,-85.6667173,"10515 PRESTON HWY, LOUISVILLE, KY 40229",67,liquor store
CVS Pharmacy,"5121 ANTLE DR, LOUISVILLE, KY 40229, USA",ChIJY_s9SL8IaYgRXm-LZ9zLy_0,38.0880437,-85.6685928,"5400 ANTLE DR, LOUISVILLE, KY 40229",62,pharmacy
Kroger Pharmacy,"5001 MUD LN, LOUISVILLE, KY 40229, USA",ChIJX2n4oLgIaYgRzzCfoZNVlVg,38.0892425,-85.6707054,"5001 MUD LN, LOUISVILLE, KY 40229",71,pharmacy
Kroger,"5001 MUD LN, LOUISVILLE, KY 40229, USA",ChIJX2n4oLgIaYgR8-U_vDzJJPA,38.0891707,-85.6706035,"5001 MUD LN, LOUISVILLE, KY 40229",71,pharmacy
DirectCBD,"5201 INTERCHANGE WAY DIRECTCBD, LOUISVILLE, KY 40229, USA",ChIJn7TAvTkJaYgR3Ou6y1gVrAg,38.0938928,-85.67785970000001,"5400 DEL MARIA WAY, LOUISVILLE, KY 40291",51,cbd
CIRCLE K,"6305 E MANSLICK RD, LOUISVILLE, KY 40219, USA",ChIJJ3i8HwAJaYgRt_est2lp5JM,38.123332999999995,-85.6438641,"6305 E MANSLICK RD, LOUISVILLE, KY 40228",71,"gas station, convenience store"
Home and Garden Barrels,"8200 STOUT RD, LOUISVILLE, KY 40291, USA",ChIJq6pOAwmgaYgRa-kRBFLmUTY,38.124922999999995,-85.537933,"9240 WESPORT RD, 40242",65,liquor store
Marathon Gas,"2967 KINGS CHURCH RD, TAYLORSVILLE, KY 40071, USA",ChIJgc9agvSlaYgR0myKjbVWc4I,38.093986099999995,-85.4752881,"7813 BEULAH CHURCH RD, 107, LOUISVILLE, KY 40228",56,"gas station, convenience store"
Country Pantry,"2967 KINGS CHURCH RD, TAYLORSVILLE, KY 40071, USA",ChIJ-co3ByilaYgRYKrjpCJgOe0,38.094108999999996,-85.4754335,"7813 BEULAH CHURCH RD, 107, LOUISVILLE, KY 40228",56,"gas station, convenience store"
Modified H-D,"800 BROOKS FOREST RD, BROOKS, KY 40109, USA",ChIJBXcuz4UPaYgRVWjn9tn-UjU,38.0767799,-85.7338432,"8001 BARDSTOWN RD, LOUISVILLE, KY 40291",57,gas station
Brooks Hill Winery,"2746 BROOKS HILL RD, BROOKS, KY 40109, USA",ChIJB74222UFaYgRM1bH2FO0ub4,38.0626932,-85.7404498,"2007 BROWNSBORO RD, LOUISVILLE, KY 40206",60,liquor store
Smokers World,"1679 OLD PRESTON HWY N #26, LOUISVILLE, KY 40229, USA",ChIJ77WUW00JaYgR8RkK75AA8Sg,38.080103,-85.6684504,"10515 PRESTON HWY, LOUISVILLE, KY 40229",68,"tobacco, vape"
Discount Smokes,"6434 N PRESTON HWY UNIT 3, LOUISVILLE, KY 40229, USA",ChIJBdLOzqYIaYgRGL6KtoFy8EE,38.0721042,-85.6693775,"5043 PRESTON HWY, LYNNVIEW, KY 40213",62,"tobacco, vape, cbd"
Laugh Out Loud Smoker,"135 MKT PL DR SUITE G, LOUISVILLE, KY 40229, USA",ChIJUZW9TvMJaYgR9IyKme7ipHU,38.0723342,-85.6723876,"13725 DIXIE HWY, LOUISVILLE, KY 40272",58,"tobacco, vape"
VIP Smoke Shop - Hillview,"254 MKT PL DR, LOUISVILLE, KY 40229, USA",ChIJs4VdM0MJaYgRxUMbTdSLTds,38.073192399999996,-85.6707418,"214 DORSEY LN, LOUISVILLE, KY 40223",54,"tobacco, vape"
Hillview wine and spirits,"1679 OLD PRESTON HWY N SUITE# 38, LOUISVILLE, KY 40229, USA",ChIJN3Q7l7wIaYgRes-w_rYsD8k,38.0796481,-85.6685299,"10515 PRESTON HWY, LOUISVILLE, KY 40229",62,"tobacco, liquor store"
Rapid fuel and snacks,"3390 BURKLAND BLVD, SHEPHERDSVILLE, KY 40165, USA",ChIJg2pKslgHaYgREhaz7Vs_TnE,38.0521463,-85.6765783,"3439 TAYLOR BLVD, BLDG, 40215",63,"tobacco, gas station, convenience store"
Marathon Gas,"155 HILLVIEW BLVD, LOUISVILLE, KY 40229, USA",ChIJqSpcurwIaYgR2KDedzC_fzc,38.078853099999996,-85.66858309999999,"10986 DIXIE HWY, 40272",55,"gas station, convenience store"
Sunoco,"3390 BURKLAND BLVD, SHEPHERDSVILLE, KY 40165, USA",ChIJKzKX0w0GaYgRQrgyxCy_yaM,38.052211299999996,-85.6766683,"3439 TAYLOR BLVD, BLDG, 40215",63,"gas station, convenience store"
FiveStar,"155 HILLVIEW BLVD, LOUISVILLE, KY 40229, USA",ChIJecXmsLwIaYgR4_-vcPNP4gg,38.0788532,-85.66858309999999,"10986 DIXIE HWY, 40272",55,"gas station, convenience store"
Dollar General,"4925 OLD PRESTON HWY N, SHEPHERDSVILLE, KY 40165, USA",ChIJJyeTXqAIaYgRnKS9GH_1WZ4,38.052378999999995,-85.67756349999999,"4017 PRESTON HWY, LOUISVILLE, KY 40213",69,convenience store
Price Less IGA,"175 MKT PL DR, LOUISVILLE, KY 40229, USA",ChIJ18jZaKYIaYgRZwWu04o13ZU,38.0727477,-85.6725429,"13725 DIXIE HWY, LOUISVILLE, KY 40272",52,convenience store
Scooter's Coffee,"110 MKT PL DR, LOUISVILLE, KY 40229, USA",ChIJhcV6VkUZTIYR2cIrFrTAYrs,38.071737999999996,-85.6712233,"5406 ANTLE DR, 111, LOUISVILLE, KY 40229",54,convenience store
Rapid Liquor,"3390 BURKLAND BLVD, SHEPHERDSVILLE, KY 40165, USA",ChIJc0kLaD0HaYgRBtdtm0wM6ec,38.052121299999996,-85.676326,"3439 TAYLOR BLVD, BLDG, 40215",63,liquor store
MY PHARMACY,"170 DR ARLA WAY, LOUISVILLE, KY 40229, USA",ChIJs4qgtKYIaYgRylJggoBkVUQ,38.0700216,-85.6712339,"10986 DIXIE HWY, 40272",57,pharmacy
Dollar General,"1841 ZONETON RD, SHEPHERDSVILLE, KY 40165, USA",ChIJsSK25ZsHaYgR1kZ2jNtX0pM,38.061,-85.637,"14010 SHELBYVILLE RD, 40245",51,"convenience store, liquor store"
Retail Data Systems,"1023 LANDIS LN UNIT G, MT WASHINGTON, KY 40047, USA",ChIJ-WL5mdSnaYgREQf0LJnyjLg,38.0693349,-85.5663245,"1029 BARDSTOWN RD, UNIT A, 40204",67,convenience store
Smokers Outlet,"240 EASTBROOKE PKWY #105, MT WASHINGTON, KY 40047, USA",ChIJH1KjjAmpaYgRLQt7Isd1ueA,38.0558987,-85.5367167,"1054 BARRET AVE, LOUISVILLE, KY 40204",53,"tobacco, vape, cbd"
House of Glass Smoke Shop,"10731 HWY 44 E #D, MT WASHINGTON, KY 40047, USA",ChIJDafj7qapaYgRYZ9fAe63pjc,38.0490332,-85.5400204,"4048 E DIXIE HWY, BLDG, 40216",61,"tobacco, vape"
Cox's Spirit Shoppe,"316 N BARDSTOWN RD, MT WASHINGTON, KY 40047, USA",ChIJm3cW1oKoaYgRldYwzoon_EU,38.050571999999995,-85.54613200000001,"1029 BARDSTOWN RD, UNIT A, 40204",70,"tobacco, convenience store, liquor store, vape, cbd"
Kroger Fuel Center,"117 HIGH POINT CT, MT WASHINGTON, KY 40047, USA",ChIJjymDD6OoaYgR9KAs3ELXKHg,38.0558573,-85.53903679999999,"10511 FISCHER PARK DR, 40241",48,"gas station, convenience store"
bp,"351 VILLAGE LN, MT WASHINGTON, KY 40047, USA",ChIJqR8UlZCoaYgRXRiKDcVaT2Q,38.0602896,-85.5457594,"3905 E PAGES LN, LOUISVILLE, KY 40272",62,"gas station, convenience store"
bp,"462 N BARDSTOWN RD, MT WASHINGTON, KY 40047, USA",ChIJqR8UlZCoaYgRM3iXfT9P9VY,38.051169099999996,-85.5464959,"1029 BARDSTOWN RD, UNIT A, 40204",67,"gas station, convenience store"
bp,"11135 OLD MILL RD, MT WASHINGTON, KY 40047, USA",ChIJY5uOmFivaYgRoVn1UlwwFMY,38.0523315,-85.5352877,"1901 RUDY LN, LOUISVILLE, KY 40207",55,"gas station, convenience store"
VALERO,"100 LOUISE WAY, MT WASHINGTON, KY 40047, USA",ChIJ85_OQZOoaYgR-jAk6BXoWq8,38.0435926,-85.547646,"1004 E OAK ST, LOUISVILLE, KY 40204",64,"gas station, convenience store"
Sunoco,"519 N BARDSTOWN RD, MT WASHINGTON, KY 40047, USA",ChIJW3SwqMCoaYgRgTJbeLV1ssU,38.0519292,-85.5475222,"1029 BARDSTOWN RD, UNIT A, 40204",67,"gas station, convenience store"
Five Star Food Mart 565,"351 VILLAGE LN, MT WASHINGTON, KY 40047, USA",ChIJ__tsJTKpaYgRsZv7lTieDfA,38.0602897,-85.545789,"3905 E PAGES LN, LOUISVILLE, KY 40272",62,"gas station, convenience store"
FiveStar,"11135 KY-44, MT WASHINGTON, KY 40047, USA",ChIJyxwxVLuoaYgRaJnCLWBmcG0,38.052431999999996,-85.53488970000001,"1035 ZORN AVE, LOUISVILLE, KY 40207",48,"gas station, convenience store"
FiveStar,"351 VILLAGE LN, MT WASHINGTON, KY 40047, USA",ChIJ3xB3KwWpaYgR9krVXDBji9Q,38.0602897,-85.545789,"3905 E PAGES LN, LOUISVILLE, KY 40272",62,"gas station, convenience store"
Namaste Minimart,"519 N BARDSTOWN RD, MT WASHINGTON, KY 40047, USA",ChIJ54u5kpCoaYgR98b_GpUkVVc,38.051806899999995,-85.54763799999999,"1029 BARDSTOWN RD, UNIT A, 40204",67,convenience store
Dollar General,"941 N BARDSTOWN RD, MT WASHINGTON, KY 40047, USA",ChIJrVd4bL6oaYgRJEJhK7Cd-kk,38.0577518,-85.55029789999999,"1029 BARDSTOWN RD, UNIT A, 40204",67,convenience store
Kroger,"234 EASTBROOKE PKWY, MT WASHINGTON, KY 40047, USA",ChIJpeRTK5GoaYgRWPZCo0yko6M,38.0566088,-85.53693559999999,"796 EASTERN PKY, LOUISVILLE, KY 40217",50,"convenience store, liquor store, pharmacy"
Walgreens,"11099 HWY 44 E, MT WASHINGTON, KY 40047, USA",ChIJmzuSGL2oaYgRWbFZ885_XiQ,38.0519527,-85.53570069999999,"10986 DIXIE HWY, 40272",63,"convenience store, pharmacy"
Cut Rate Liquors,"185 DELAINA DR, MT WASHINGTON, KY 40047, USA",ChIJbQd-kouoaYgRwIg9bB6UXC8,38.0430823,-85.5513388,"1035 ZORN AVE, LOUISVILLE, KY 40207",49,liquor store
Kroger Liquor Store,"234 EASTBROOKE PKWY, MT WASHINGTON, KY 40047, USA",ChIJBwXBUmapaYgR1c_l3YbqwXA,38.0567947,-85.5371782,"796 EASTERN PKY, LOUISVILLE, KY 40217",50,liquor store
Walgreens Pharmacy,"11099 HWY 44 E, MT WASHINGTON, KY 40047, USA",ChIJc2iAqLyoaYgRXHU4oKv8AvU,38.0519204,-85.5356736,"10986 DIXIE HWY, 40272",63,pharmacy
Kroger Pharmacy,"234 EASTBROOKE PKWY, MT WASHINGTON, KY 40047, USA",ChIJpeRTK5GoaYgRKJgnQ70VIm8,38.056675999999996,-85.5369642,"796 EASTERN PKY, LOUISVILLE, KY 40217",50,pharmacy
ValuMarket Pharmacy Mt. Washington,"205 OAKBROOKE DR # A, MT WASHINGTON, KY 40047, USA",ChIJXb6qU72oaYgRAvS2hZyDqqk,38.052626599999996,-85.5401428,"1054 BARRET AVE, LOUISVILLE, KY 40204",51,pharmacy
B&B Pharmacy,"126 SHADOWMEADE LN UNIT 2, MT WASHINGTON, KY 40047, USA",ChIJx_xJGuGpaYgRil7gBjFMCWw,38.0592112,-85.5423024,"1029 BARDSTOWN RD, UNIT A, 40204",62,pharmacy
Valu Market Mt. Washington,"205 OAKBROOKE DR # A, MT WASHINGTON, KY 40047, USA",ChIJJ3lG3aKoaYgRnCOYBezEsc4,38.052590200000004,-85.5395652,"1054 BARRET AVE, LOUISVILLE, KY 40204",51,pharmacy
COVID-19 Drive-Thru Testing at Walgreens,"11099 HWY 44 E, MT WASHINGTON, KY 40047, USA",ChIJyzSFU6OoaYgRXxjucvyxs28,38.0518856,-85.5357138,"10986 DIXIE HWY, 40272",63,pharmacy
Valero,"101 MAIN ST, WEST POINT, KY 40177, USA",ChIJHbtRmhsiaYgRozY8zQWdsDU,37.9992989,-85.9443115,"1901 W MAIN ST, LOUISVILLE, KY 40203",55,"gas station, convenience store, pharmacy"
West Point Marathon,"204 S 4TH ST, WEST POINT, KY 40177, USA",ChIJMxKGHxwiaYgRf7pyejSqN48,37.997279999999996,-85.94614700000001,"2204 HEATHER LN, 40218",56,"gas station, convenience store"
Short Stop Food Mart,"101 MAIN ST, WEST POINT, KY 40177, USA",ChIJ66NomhsiaYgRvMMynpCW9qs,37.9991832,-85.9444085,"1901 W MAIN ST, LOUISVILLE, KY 40203",55,"gas station, convenience store"
Water Fill Station,"STITES STA RD, WEST POINT, KY 40177, USA",ChIJGyrC9n4ZaYgRbT1vJ10EXnk,38.018982,-85.90808799999999,"3632 S 7TH STREET RD, BLDG, 40216",52,gas station
